Wavelength,Black,Grey,White
400,5.269884092,10.91089035,35.19992151
401,5.213223502,11.03861127,37.45029324
402,5.193748422,11.12263198,39.77636867
403,5.195494606,11.18076438,42.16897882
404,5.151588812,11.28017434,44.67098156
405,5.18812508,11.35077699,47.18603027
406,5.201961061,11.40851873,49.67251758
407,5.115621315,11.46225189,52.15211311
408,5.18409903,11.47905895,54.52339287
409,5.180526778,11.49775134,56.72940833
410,5.106272113,11.51998679,58.77943606
411,5.121657114,11.52871461,60.74652092
412,5.089367566,11.53824229,62.48168132
413,5.053559967,11.54036067,64.04136852
414,5.060822285,11.52299545,65.46644091
415,5.034579427,11.52637686,66.67678617
416,5.019606652,11.52678745,67.72024399
417,5.023042907,11.52071316,68.60960854
418,5.025029792,11.52532784,69.38674138
419,5.013901281,11.49210596,70.03386571
420,4.99734012,11.45168514,70.57460558
421,4.98598062,11.45482803,71.01424169
422,4.997803484,11.43833833,71.38950557
423,4.993917322,11.41321973,71.71319206
424,4.961252305,11.38207007,71.9876332
425,4.95577475,11.36252486,72.19038507
426,4.97027991,11.35317483,72.37637873
427,4.99120369,11.34853297,72.54560233
428,4.981039864,11.33427674,72.69070071
429,4.968282401,11.31268194,72.81820955
430,4.950051307,11.27928451,72.9297715
431,4.923372017,11.22869307,73.02485776
432,4.913157267,11.22171666,73.14046937
433,4.916697614,11.21778189,73.21873005
434,4.929232263,11.21158018,73.26833388
435,4.930960102,11.18722267,73.34149436
436,4.916224995,11.15888251,73.40107385
437,4.898579773,11.13890514,73.45960062
438,4.888420715,11.14058044,73.52859482
439,4.881296426,11.12282778,73.55207017
440,4.877164872,11.10577412,73.59723286
441,4.87356045,11.09076909,73.66571824
442,4.841688498,11.06165413,73.67539447
443,4.84116873,11.03614473,73.71115805
444,4.848081577,11.01803984,73.75921546
445,4.831454699,11.01600147,73.80600454
446,4.830849451,10.99396903,73.81299453
447,4.822333581,10.97328515,73.82940859
448,4.800146808,10.95892693,73.86732338
449,4.805109255,10.93580881,73.89595354
450,4.79308529,10.91394943,73.92523004
451,4.777649904,10.89615393,73.95293542
452,4.794032737,10.8918233,73.97245373
453,4.788579202,10.88457067,73.99640879
454,4.782431329,10.86806044,74.01926631
455,4.7852055,10.83734743,74.03838045
456,4.762913491,10.82658038,74.05473201
457,4.752137155,10.81444938,74.07936954
458,4.751494629,10.79905963,74.10667227
459,4.751170572,10.77465278,74.10871926
460,4.756718152,10.76200902,74.11819796
461,4.758134148,10.75104963,74.12788215
462,4.746343549,10.73455084,74.13229636
463,4.754250764,10.72808237,74.15412344
464,4.751153486,10.72409244,74.16531547
465,4.73644625,10.72086355,74.16553862
466,4.733548535,10.71042495,74.17817808
467,4.723252609,10.6797028,74.18991592
468,4.711635286,10.64860241,74.19716903
469,4.705718832,10.64179701,74.19357839
470,4.723391054,10.63761696,74.20383829
471,4.721870832,10.63085156,74.2111541
472,4.694070431,10.61994209,74.21244635
473,4.70166853,10.59674454,74.21921952
474,4.696793361,10.5800522,74.21893791
475,4.685553281,10.56716268,74.21018346
476,4.677348502,10.55427899,74.1860756
477,4.66428615,10.54364656,74.19322182
478,4.658345851,10.53491002,74.20522606
479,4.664563517,10.5281848,74.21370444
480,4.645811223,10.52200841,74.20971729
481,4.642862263,10.51013568,74.19832198
482,4.647524929,10.49515436,74.18578321
483,4.633797793,10.48465065,74.1926363
484,4.638774176,10.47038102,74.18653561
485,4.640939946,10.45493297,74.17266167
486,4.627387749,10.43937507,74.15186945
487,4.639811025,10.44275529,74.15490081
488,4.637265409,10.43517827,74.14635945
489,4.622613798,10.41845494,74.12658278
490,4.624627164,10.41185919,74.10760315
491,4.623667995,10.40296921,74.09303699
492,4.617745424,10.3929236,74.08635412
493,4.603165148,10.38227693,74.09359079
494,4.61323437,10.36735074,74.07186732
495,4.617558385,10.35184604,74.0548438
496,4.612558178,10.33707694,74.04570182
497,4.612178871,10.33472294,74.01897315
498,4.614080008,10.32279176,74.0015079
499,4.615530473,10.30753731,73.99142619
500,4.611867879,10.29748891,73.98899937
501,4.593538395,10.28402097,73.96948226
502,4.580364528,10.27305295,73.94891009
503,4.577973619,10.26634423,73.93152808
504,4.567349279,10.25922023,73.91426482
505,4.571541263,10.25599219,73.89778086
506,4.579863733,10.25318,73.87946168
507,4.565448559,10.24153582,73.85113225
508,4.561258723,10.21963072,73.8310878
509,4.557256136,10.20405497,73.81590817
510,4.548881225,10.20353234,73.80490738
511,4.5453317,10.19167068,73.76470501
512,4.541427006,10.18093294,73.74099086
513,4.537487854,10.17153907,73.72916372
514,4.535938409,10.16255904,73.70456835
515,4.538259185,10.15558165,73.68840302
516,4.540141418,10.1479335,73.66980879
517,4.53826011,10.13734966,73.63979786
518,4.527825206,10.1266862,73.6107799
519,4.528418369,10.11931741,73.59782722
520,4.538300784,10.11492721,73.59768956
521,4.527011515,10.10842326,73.57201501
522,4.52999822,10.09731375,73.5512647
523,4.534917042,10.08503784,73.53067729
524,4.527823101,10.07507541,73.50431852
525,4.524019008,10.06774266,73.4795761
526,4.521440974,10.05911355,73.45891467
527,4.519889767,10.04881949,73.4423064
528,4.523234465,10.04729688,73.41614748
529,4.518459355,10.04041315,73.39304161
530,4.510271105,10.03067184,73.37065727
531,4.506134835,10.02146993,73.34445345
532,4.507343229,10.01553239,73.31708874
533,4.506111504,10.00780032,73.29417826
534,4.499574169,9.996358677,73.2779854
535,4.505175265,9.988289041,73.25320605
536,4.502206613,9.979677401,73.22968317
537,4.495436973,9.971411581,73.2061343
538,4.499445292,9.966619644,73.17761773
539,4.496249201,9.961016902,73.15164436
540,4.492962704,9.953032821,73.12432236
541,4.493480945,9.941159947,73.0929803
542,4.481052584,9.936960249,73.06231876
543,4.478483863,9.931126417,73.03816183
544,4.484230794,9.924213249,73.01827784
545,4.480475383,9.923694576,72.98663206
546,4.479848052,9.91605232,72.9558099
547,4.477799454,9.903964826,72.92679609
548,4.469232312,9.888275002,72.90104651
549,4.471212564,9.883650072,72.87642062
550,4.47053691,9.877588486,72.84854873
551,4.466108701,9.868719461,72.81707351
552,4.47242005,9.865914801,72.78777028
553,4.470557271,9.861620734,72.75811668
554,4.464343538,9.855142022,72.72729487
555,4.45788192,9.844250711,72.69306915
556,4.461663527,9.838689835,72.67869564
557,4.465692834,9.83399696,72.65879268
558,4.467238305,9.829039342,72.62617025
559,4.463891401,9.826444135,72.60650949
560,4.46202591,9.814665482,72.57312822
561,4.461816694,9.800721895,72.53554369
562,4.464508549,9.802823416,72.51777907
563,4.460517388,9.794231648,72.49551265
564,4.456653212,9.785207502,72.47191762
565,4.456111821,9.780426327,72.44811608
566,4.453354342,9.77200413,72.42539263
567,4.451850501,9.769242526,72.40056468
568,4.450928205,9.769464904,72.37436527
569,4.446930951,9.75925088,72.35045691
570,4.44802697,9.754623177,72.32802274
571,4.447783142,9.750113148,72.30612902
572,4.440757237,9.741497995,72.28416171
573,4.442325171,9.732852087,72.26294544
574,4.443343002,9.727217245,72.23709335
575,4.44298087,9.724340331,72.20800122
576,4.442727349,9.719075206,72.19378343
577,4.43708444,9.710368765,72.17053469
578,4.432915789,9.702044979,72.14661169
579,4.439571495,9.69911561,72.1322982
580,4.43262894,9.691344512,72.10226846
581,4.429985188,9.685428231,72.07095193
582,4.434865409,9.682748933,72.0417183
583,4.429547883,9.680310218,72.02539318
584,4.429937149,9.67557512,72.00249954
585,4.432367688,9.669382112,71.97724691
586,4.430142466,9.662809421,71.95734195
587,4.429336309,9.655591856,71.93171633
588,4.429761934,9.650231995,71.90366916
589,4.431534016,9.64787975,71.87400684
590,4.430025597,9.642516248,71.84807787
591,4.430614144,9.637754449,71.81945646
592,4.431636596,9.633045975,71.79001711
593,4.426305113,9.626034516,71.76775763
594,4.425866177,9.620824263,71.74424885
595,4.425784081,9.616522016,71.72091315
596,4.423213063,9.61281281,71.69872562
597,4.423328769,9.609486602,71.66598223
598,4.424796412,9.605391064,71.64189649
599,4.426620038,9.599986208,71.62607508
600,4.422710857,9.589950783,71.60634509
601,4.420771552,9.583193488,71.58844951
602,4.421456728,9.579710929,71.57182878
603,4.426505003,9.580809306,71.55639836
604,4.418651984,9.5752055,71.53544216
605,4.415277297,9.568222204,71.51617684
606,4.418339739,9.560900578,71.4994743
607,4.411714743,9.556469506,71.47977775
608,4.417402681,9.555971067,71.46844822
609,4.424755939,9.555839552,71.45826867
610,4.416322922,9.550136654,71.43748245
611,4.412920553,9.546098491,71.43051259
612,4.410395735,9.542066439,71.42401475
613,4.407726219,9.537537842,71.41425553
614,4.411956228,9.529754733,71.40512974
615,4.413149478,9.526180332,71.3983144
616,4.412956347,9.525747769,71.39075778
617,4.415551629,9.526689124,71.37342793
618,4.409306176,9.523471161,71.36582503
619,4.405680972,9.519024113,71.35960866
620,4.410928118,9.514501666,71.35102648
621,4.409594979,9.509086522,71.3395915
622,4.411835643,9.505589604,71.32588446
623,4.416130772,9.503389767,71.30999874
624,4.413158916,9.499101865,71.29187745
625,4.412340932,9.495317836,71.27962402
626,4.411981784,9.492221984,71.26748252
627,4.410862445,9.490221448,71.2508526
628,4.405451161,9.481897906,71.24479215
629,4.404848678,9.477800768,71.22997858
630,4.409549229,9.478861957,71.20762131
631,4.413766224,9.481776635,71.20998264
632,4.410580957,9.475961853,71.1878943
633,4.406115922,9.469198909,71.15409718
634,4.407723276,9.471106417,71.12004271
635,4.407455211,9.465457265,71.11410222
636,4.407581487,9.460626202,71.10165374
637,4.408670107,9.458281258,71.07540407
638,4.412005403,9.451615764,71.06042574
639,4.409972225,9.444527214,71.03494034
640,4.405832259,9.438067448,71.00624733
641,4.406162224,9.434952732,70.98971001
642,4.400877164,9.42997053,70.96484249
643,4.39925147,9.425992986,70.93949477
644,4.405542223,9.42430787,70.91664045
645,4.398994679,9.419247367,70.89980345
646,4.399809615,9.420255489,70.88544407
647,4.404436081,9.4245126,70.8703595
648,4.398675614,9.421359406,70.84219372
649,4.400335695,9.416897758,70.82540113
650,4.400814914,9.413647019,70.8091903
651,4.39416312,9.413615904,70.78679065
652,4.39578216,9.409461359,70.77188815
653,4.398814189,9.407211349,70.76053084
654,4.401877457,9.406064803,70.75112288
655,4.3996387,9.397638207,70.73522539
656,4.400876002,9.396715916,70.71915994
657,4.401965634,9.39732612,70.70497394
658,4.399310653,9.394181438,70.69516264
659,4.404219883,9.395094133,70.67452878
660,4.407046056,9.392981133,70.65742236
661,4.406500546,9.387144252,70.64522714
662,4.404967327,9.382817139,70.62708305
663,4.405110725,9.379390375,70.60702458
664,4.406536307,9.37520545,70.58838177
665,4.409243612,9.36717245,70.57698633
666,4.407245789,9.365712725,70.56038187
667,4.408068511,9.366159411,70.54451491
668,4.413824273,9.367386037,70.5309201
669,4.406525869,9.368193156,70.50842107
670,4.404832814,9.368523415,70.49400071
671,4.406405478,9.367942311,70.48156191
672,4.406566886,9.364764065,70.45512044
673,4.409077906,9.360770247,70.43993421
674,4.409885842,9.357471235,70.42168828
675,4.406676248,9.355739462,70.39282268
676,4.410592921,9.354097476,70.38548733
677,4.408313204,9.349436495,70.36782479
678,4.402614548,9.343082474,70.34306649
679,4.408315665,9.341421903,70.33077724
680,4.40645569,9.339063785,70.3139005
681,4.404495346,9.337808973,70.29411688
682,4.408197705,9.339425213,70.27174884
683,4.405315024,9.336706806,70.25545636
684,4.405820193,9.335888301,70.23653687
685,4.40992827,9.336982369,70.21410987
686,4.407589742,9.332455722,70.18951443
687,4.410144289,9.330185214,70.17641094
688,4.413724839,9.328037904,70.16556287
689,4.413458499,9.323114883,70.14515796
690,4.413005229,9.319377775,70.12446134
691,4.412794397,9.317168538,70.1037175
692,4.412870563,9.316611341,70.08311471
693,4.411015405,9.315715658,70.06738829
694,4.413463751,9.314960223,70.04434688
695,4.416655942,9.314729637,70.01873779
696,4.412865209,9.316141291,70.00007866
697,4.412983744,9.314067399,69.9817589
698,4.412198231,9.311259948,69.96231345
699,4.408499126,9.308657196,69.94097559
700,4.412593464,9.306784513,69.92269387
701,4.411681735,9.304951267,69.903694
702,4.407878293,9.30264479,69.88370295
703,4.409162584,9.297756802,69.86156311
704,4.409096086,9.298136275,69.84134071
705,4.409018421,9.2974328,69.82159214
706,4.409784108,9.291267979,69.80146257
707,4.408409052,9.291644594,69.78559354
708,4.409555038,9.292533259,69.76570354
709,4.412444392,9.293133273,69.74316962
710,4.409539125,9.29122063,69.73138203
711,4.414047963,9.29148062,69.70973236
712,4.418951788,9.292151093,69.68617175
713,4.417092006,9.291560047,69.66821854
714,4.415492067,9.286815885,69.65643523
715,4.415116071,9.283722954,69.63802573
716,4.415876098,9.282746496,69.61168223
717,4.413534678,9.275861301,69.59271997
718,4.415130356,9.274051565,69.57352054
719,4.417356282,9.274401837,69.5539725
720,4.414893301,9.272971995,69.53373026
721,4.414287372,9.274853773,69.51984348
722,4.414376435,9.274978955,69.50569568
723,4.414894693,9.271755971,69.4892427
724,4.414859538,9.269225512,69.45883485
725,4.41544308,9.266628607,69.44084777
726,4.41655789,9.263767554,69.42693032
727,4.418178931,9.259977066,69.39526029
728,4.416337076,9.260364262,69.37507356
729,4.41594746,9.260150399,69.35905413
730,4.419680017,9.256917267,69.34462102
731,4.416973084,9.25368548,69.31902566
732,4.416945998,9.252865145,69.29721839
733,4.419097295,9.253839327,69.27959453
734,4.41865976,9.253110856,69.26510675
735,4.417169007,9.252387657,69.2401023
736,4.41609818,9.252761031,69.21684172
737,4.416865544,9.255566524,69.2064931
738,4.420754463,9.250836178,69.18383939
739,4.421083441,9.24717422,69.16027055
740,4.417762119,9.245371607,69.13806651
741,4.419118861,9.242225918,69.12600957
742,4.418967002,9.239930414,69.11492243
743,4.418701327,9.238679767,69.09939439
744,4.420218351,9.239205509,69.06985816
745,4.417874797,9.239723786,69.04485749
746,4.417553186,9.239710458,69.02811385
747,4.420637313,9.239042714,69.02039157
748,4.422728778,9.238953238,68.99721534
749,4.423279308,9.240104416,68.97724621
750,4.423724127,9.240811716,68.96190441
751,4.427320914,9.236997402,68.95657336
752,4.425490235,9.231115517,68.92985766
753,4.424139874,9.227843369,68.90388139
754,4.425663847,9.22946564,68.88739674
755,4.427938843,9.228966222,68.86785211
756,4.427121571,9.227108187,68.84474109
757,4.424622011,9.225069971,68.82171974
758,4.425611851,9.22730063,68.81313807
759,4.424861754,9.225781474,68.79421761
760,4.425356538,9.223264352,68.77191567
761,4.429402003,9.221248843,68.74979848
762,4.428984815,9.224369354,68.74336987
763,4.428310963,9.224218049,68.73174714
764,4.428137202,9.221001976,68.71420815
765,4.431425586,9.220382416,68.69643139
766,4.430212908,9.218996196,68.67868715
767,4.427542097,9.217270262,68.65854603
768,4.426036492,9.215516425,68.63249704
769,4.424268117,9.214439378,68.60994789
770,4.427037589,9.215296518,68.59103782
771,4.434256633,9.217906762,68.57552349
772,4.429965712,9.215254547,68.55736887
773,4.431533157,9.216590923,68.54388161
774,4.433949866,9.218744805,68.53276299
775,4.42896334,9.216620909,68.5212048
776,4.430204374,9.215731271,68.49865943
777,4.432751146,9.215402358,68.47465687
778,4.435333582,9.2155179,68.45182559
779,4.436370863,9.212566896,68.43550223
780,4.433696424,9.211873935,68.41559807
781,4.429942071,9.21195895,68.3930074
782,4.433148814,9.20837448,68.36962873
783,4.436025816,9.208732023,68.36059305
784,4.437136085,9.2096948,68.34884138
785,4.435260391,9.209621886,68.32451059
786,4.437310868,9.209106845,68.30833004
787,4.439578585,9.209572241,68.29071582
788,4.441259478,9.210223093,68.27094827
789,4.438931516,9.206324952,68.24755215
790,4.43706963,9.203873771,68.23474488
791,4.437378918,9.202818484,68.22215785
792,4.442149235,9.203629357,68.20081334
793,4.439555461,9.205037654,68.18654757
794,4.438863352,9.204608815,68.16938231
795,4.440918308,9.202304401,68.14944029
796,4.441631081,9.201445703,68.14219177
797,4.441614463,9.20045417,68.12408048
798,4.441506689,9.200309923,68.1008524
799,4.442179875,9.202785853,68.07851607
800,4.446432942,9.203434247,68.05646709
801,4.44700552,9.202117556,68.04178459
802,4.442380688,9.198879905,68.03612531
803,4.449650301,9.201861348,68.01767768
804,4.447156471,9.201352885,67.99886452
805,4.441557878,9.198518861,67.98050253
806,4.447138685,9.195082985,67.96482193
807,4.448035619,9.197764423,67.95419427
808,4.448175833,9.198548719,67.93610454
809,4.44898438,9.193888336,67.90420454
810,4.450212089,9.196817948,67.89097241
811,4.451681294,9.199387782,67.8753464
812,4.452929459,9.20112337,67.85868893
813,4.452064126,9.20050706,67.84790778
814,4.452694815,9.199414121,67.82961447
815,4.452794751,9.198222341,67.80975556
816,4.450859347,9.197156338,67.79188528
817,4.452542285,9.199178249,67.77439194
818,4.456307476,9.200294687,67.76148245
819,4.46046551,9.19995354,67.75168555
820,4.454008013,9.196439419,67.73262268
821,4.454353809,9.192045463,67.71307159
822,4.456971154,9.190543843,67.69197496
823,4.457897993,9.197175357,67.66765852
824,4.460467183,9.197245914,67.65761848
825,4.462312573,9.198258548,67.64500572
826,4.463292953,9.201039786,67.62706948
827,4.469405617,9.195558179,67.61078082
828,4.46951708,9.195979377,67.59239014
829,4.467175139,9.196796921,67.57491173
830,4.468130014,9.187560157,67.56467425
831,4.463701162,9.189838575,67.54803341
832,4.461867077,9.192132621,67.5307469
833,4.465574451,9.19071562,67.51460989
834,4.464583924,9.18974549,67.49388978
835,4.466261639,9.191298317,67.47687146
836,4.468491429,9.194562046,67.46209627
837,4.464580079,9.197483852,67.44566668
838,4.467218674,9.196786154,67.43270461
839,4.47020901,9.196310201,67.41815259
840,4.470251941,9.198213606,67.3988792
841,4.471165575,9.195610827,67.36906831
842,4.471043756,9.195025876,67.34191275
843,4.47073107,9.19612922,67.32023591
844,4.475474396,9.195378192,67.31662993
845,4.47424977,9.192372106,67.29986562
846,4.472325972,9.189307614,67.28183271
847,4.474151034,9.188133455,67.27274936
848,4.47341152,9.194603066,67.25049351
849,4.473343339,9.196123881,67.22554181
850,4.474472126,9.192098144,67.19966547
851,4.477692405,9.195193831,67.17773667
852,4.479974998,9.198228104,67.15836437
853,4.482359776,9.199126743,67.13749109
854,4.486371713,9.193936114,67.10875583
855,4.483268474,9.1929932,67.08309384
856,4.483586706,9.193090769,67.05471801
857,4.489626062,9.193457656,67.0221159
858,4.48404302,9.190666173,66.98839007
859,4.485305574,9.190199934,66.96793827
860,4.488478323,9.191080236,66.9541135
861,4.482658638,9.191570822,66.93417074
862,4.489946542,9.194606785,66.91531787
863,4.493787137,9.196658051,66.89188704
864,4.486836171,9.196106994,66.86077372
865,4.493478708,9.198024923,66.85117762
866,4.491464704,9.196317161,66.83856363
867,4.48569667,9.192802096,66.82520658
868,4.496519858,9.194731554,66.82205854
869,4.494680436,9.192442122,66.81685229
870,4.491861542,9.191073315,66.81665598
871,4.495578658,9.194349239,66.82772094
872,4.495772864,9.197735175,66.81090647
873,4.496422055,9.198808046,66.78980609
874,4.497531805,9.198009965,66.76820779
875,4.496004206,9.200943743,66.75854281
876,4.500967937,9.20002213,66.74180378
877,4.505715677,9.198446292,66.72365183
878,4.502095431,9.19978002,66.71042859
879,4.504559713,9.196934015,66.69966546
880,4.501028446,9.195158149,66.68741575
881,4.49028498,9.195617256,66.6730916
882,4.500426984,9.199691876,66.661083
883,4.504888294,9.19788818,66.63848689
884,4.507267277,9.194098821,66.6110268
885,4.513624253,9.195061848,66.5878903
886,4.516716005,9.192433352,66.57055852
887,4.515363135,9.192266364,66.55227309
888,4.508537296,9.196899503,66.53070542
889,4.520045092,9.198793024,66.50531842
890,4.521000616,9.1990136,66.48585356
891,4.51706949,9.199881195,66.47068807
892,4.525256113,9.209244826,66.45602297
893,4.523323115,9.206116888,66.44163371
894,4.519200917,9.199438329,66.41949335
895,4.516699738,9.193225684,66.38323595
896,4.518718012,9.201954187,66.36573515
897,4.520514631,9.204375052,66.35123937
898,4.520426628,9.200431593,66.33567684
899,4.510294543,9.195401884,66.30115871
900,4.515995551,9.200460566,66.2839658
901,4.522462464,9.206616971,66.2744121
902,4.51637304,9.206148959,66.2666818
903,4.530550041,9.213020465,66.25546764
904,4.534299672,9.215513851,66.2311437
905,4.525576291,9.211931842,66.19557427
906,4.529698964,9.202313793,66.18770401
907,4.530166517,9.204983244,66.1740042
908,4.529572078,9.209619421,66.1562766
909,4.531239094,9.201961867,66.13551594
910,4.528085112,9.202178061,66.12921974
911,4.52658394,9.201938815,66.11779619
912,4.528398124,9.199657896,66.09693851
913,4.530956212,9.210463162,66.09686828
914,4.535718444,9.213928868,66.08733547
915,4.539703731,9.212828612,66.07346733
916,4.53535449,9.211905177,66.06586721
917,4.534863081,9.213378704,66.05178393
918,4.536530301,9.216855364,66.04038795
919,4.540164314,9.222651903,66.03632465
920,4.542882132,9.220381985,66.01346433
921,4.544501405,9.216638298,65.99881106
922,4.544710317,9.211528399,65.99231529
923,4.541775721,9.204267607,65.99205662
924,4.544254662,9.201030487,65.97926035
925,4.547594551,9.202468212,65.96437906
926,4.548665179,9.2106321,65.95460589
927,4.560295254,9.226751716,65.93929924
928,4.56102013,9.231597302,65.9162434
929,4.552175852,9.225350105,65.88808097
930,4.562819636,9.2259267,65.87893344
931,4.556920047,9.223932526,65.86756559
932,4.54905832,9.222661799,65.85706414
933,4.556137679,9.226428788,65.851668
934,4.542671619,9.214008981,65.83359983
935,4.544503064,9.21268176,65.82070473
936,4.566579579,9.226772602,65.81624493
937,4.549472904,9.22200207,65.80915971
938,4.550942521,9.217007099,65.79407356
939,4.559786613,9.21663692,65.78062815
940,4.557099563,9.23253709,65.78870832
941,4.561168086,9.234909521,65.76387668
942,4.56040806,9.234648587,65.74184658
943,4.550216864,9.234966563,65.73498896
944,4.554986325,9.22347188,65.72292393
945,4.559519152,9.220111907,65.71228381
946,4.562230814,9.223185555,65.69852477
947,4.557256411,9.229003619,65.66569711
948,4.559567414,9.231993556,65.65348833
949,4.561927717,9.230197914,65.64477711
950,4.560290058,9.221219442,65.63102856
951,4.582959584,9.235971919,65.6281229
952,4.589593381,9.243853872,65.61722625
953,4.582609902,9.244136873,65.60066655
954,4.586821601,9.24143355,65.59711602
955,4.588658184,9.2428495,65.57918376
956,4.587234731,9.242094801,65.55694671
957,4.58051899,9.232610004,65.53815681
958,4.572056509,9.242138339,65.52715843
959,4.568828831,9.242017366,65.51301165
960,4.57159441,9.231459866,65.49419176
961,4.575935612,9.247611426,65.47173671
962,4.585641174,9.248192929,65.4724527
963,4.588545597,9.239545653,65.47219081
964,4.563572115,9.227022786,65.4348078
965,4.579088947,9.246231565,65.41975055
966,4.59229757,9.256631071,65.40943581
967,4.592177275,9.247434617,65.39975341
968,4.585642036,9.256532004,65.37081381
969,4.583858978,9.257575733,65.34753306
970,4.585861385,9.254602497,65.32733974
971,4.590485769,9.256997732,65.30456876
972,4.586975661,9.263299451,65.32268275
973,4.579536264,9.265550998,65.32558314
974,4.569235786,9.259131716,65.28385981
975,4.565316241,9.247593244,65.26337045
976,4.578788849,9.242229825,65.23779971
977,4.603147802,9.242729219,65.21415577
978,4.608986482,9.247186802,65.22903111
979,4.591969793,9.253235288,65.21141753
980,4.578811879,9.260939487,65.18028927
981,4.591276902,9.270849846,65.14565272
982,4.579722687,9.266307224,65.12575496
983,4.582770399,9.277710463,65.12039983
984,4.599535622,9.299887699,65.12530864
985,4.588195748,9.262206739,65.10253904
986,4.609996493,9.257782523,65.08743318
987,4.63069038,9.264547973,65.07178262
988,4.621389267,9.19234723,65.24842727
989,4.53461798,9.148732202,65.13986404
990,4.564192813,9.170294802,65.13251976
991,4.647980271,9.237739834,65.19317225
992,4.65826416,9.275490324,65.1698039
993,4.601550986,9.27622505,65.06582217
994,4.588585821,9.261266025,65.00526851
995,4.653271386,9.205646024,65.01464994
996,4.700130252,9.174604674,65.01846038
997,4.641858313,9.234633721,65.01826617
998,4.576902304,9.278892446,65.01659874
999,4.54951271,9.242116614,64.93799923
1000,4.532487634,9.207632839,64.85420296
1001,4.520414166,9.2402698,64.84761134
1002,4.499903158,9.274553985,64.85987789
1003,4.535903514,9.252121436,64.88994716
1004,4.574769006,9.230959047,64.92839444
1005,4.561590065,9.264172313,64.92592055
1006,4.560809147,9.317858481,64.85831132
1007,4.576709761,9.330541877,64.79410888
1008,4.577442202,9.315603002,64.78709108
1009,4.59774156,9.314007253,64.7861969
1010,4.638360324,9.291980663,64.77389387
1011,4.632048539,9.262524782,64.73655927
1012,4.551164404,9.235985825,64.68102456
1013,4.505619483,9.214463916,64.64847663
1014,4.533793419,9.205777245,64.65277653
1015,4.547121765,9.199185245,64.64250686
1016,4.531077399,9.203236331,64.59875358
1017,4.521929466,9.208933369,64.56783881
1018,4.525176577,9.236357739,64.58642761
1019,4.567960167,9.265806274,64.61276489
1020,4.612241986,9.248816831,64.62648049
1021,4.607525876,9.226310202,64.58317651
1022,4.598979134,9.241806019,64.51753351
1023,4.622254721,9.271360773,64.51261063
1024,4.629035661,9.254281944,64.49199625
1025,4.631745842,9.179354929,64.40355934
1026,4.652444261,9.148687077,64.36529314
1027,4.657130279,9.183255391,64.43882271
1028,4.639381829,9.202305515,64.49153214
1029,4.603365242,9.19539756,64.45013977
1030,4.583307611,9.1984077,64.39937479
1031,4.605348145,9.211534731,64.36577468
1032,4.62077249,9.223788139,64.33728801
1033,4.592987629,9.271214216,64.34244278
1034,4.578696337,9.318069344,64.32555611
1035,4.591496364,9.328489198,64.30078514
1036,4.610670275,9.31445051,64.31459387
1037,4.638554525,9.256466184,64.31437524
1038,4.68202703,9.216098307,64.29882788
1039,4.699905451,9.231927953,64.26750666
1040,4.679862346,9.269522977,64.22771712
1041,4.667916594,9.283601298,64.22260443
1042,4.648385415,9.282762594,64.24924923
1043,4.628155954,9.288273377,64.2603512
1044,4.645612027,9.2921624,64.24921851
1045,4.675501181,9.292225234,64.2486861
1046,4.662279418,9.30638931,64.2625852
1047,4.626075246,9.325199825,64.25125794
1048,4.616061094,9.293460704,64.19259035
1049,4.634341042,9.205797418,64.15742118
1050,4.641553011,9.171949443,64.13200223
1051,4.654400256,9.216547119,64.09828856
1052,4.685785916,9.235040958,64.07120578
1053,4.6747915,9.250241222,64.05613703
1054,4.642948642,9.272530571,64.06619862
1055,4.63223952,9.27614363,64.09049867
1056,4.635733616,9.27190331,64.11726587
1057,4.649020474,9.2584657,64.13722408
1058,4.659791479,9.242800431,64.14574994
1059,4.660941868,9.237708089,64.14320322
1060,4.666921742,9.246071005,64.13358901
1061,4.685409067,9.260905201,64.10747388
1062,4.692946799,9.265588126,64.0675076
1063,4.681843907,9.254723206,64.04834118
1064,4.653355228,9.25696924,64.05854011
1065,4.639175038,9.271816182,64.04970005
1066,4.670844654,9.27365222,64.04208233
1067,4.680290065,9.251444161,64.02797121
1068,4.67310496,9.249348262,63.98700009
1069,4.665517168,9.265883426,63.95043746
1070,4.636149122,9.280424902,63.93096357
1071,4.595928232,9.30334669,63.90371269
1072,4.580215999,9.308304979,63.87969681
1073,4.608344476,9.297118395,63.87835277
1074,4.645117389,9.297355044,63.87917783
1075,4.650690484,9.302666667,63.86288804
1076,4.644332573,9.297272963,63.83442067
1077,4.662405822,9.293996623,63.800619
1078,4.679249556,9.290955956,63.7850284
1079,4.675224497,9.292709212,63.78504599
1080,4.681295756,9.318074736,63.78154049
1081,4.684067877,9.347800327,63.76995311
1082,4.700621466,9.348758991,63.74047027
1083,4.724751025,9.325991395,63.72313611
1084,4.738227873,9.304575203,63.73036242
1085,4.74982963,9.29451451,63.73455021
1086,4.740870576,9.274973849,63.69221796
1087,4.716158264,9.245612709,63.62735311
1088,4.695005066,9.234148992,63.59048602
1089,4.696382282,9.240419953,63.58950752
1090,4.722374959,9.255801992,63.60061313
1091,4.741169685,9.274706702,63.5997657
1092,4.733932997,9.297820053,63.59103272
1093,4.718871676,9.310449065,63.57794035
1094,4.699045702,9.308048311,63.55483919
1095,4.685781886,9.316160465,63.53983226
1096,4.679360861,9.319525816,63.50110116
1097,4.667557158,9.32037432,63.44891848
1098,4.675176953,9.330800027,63.42760125
1099,4.68342652,9.324118217,63.40612675
1100,4.686379121,9.323818898,63.37692336
1101,4.680102562,9.323797091,63.34474758
1102,4.678125269,9.309093714,63.3107724
1103,4.703401921,9.307927403,63.29567696
1104,4.71922025,9.314528325,63.2698496
1105,4.686529404,9.322265293,63.2092707
1106,4.650492073,9.334191866,63.14973943
1107,4.650575758,9.343340928,63.10932508
1108,4.66302131,9.341872946,63.07158949
1109,4.672231673,9.335138156,63.03004415
1110,4.675826224,9.331022896,62.98548886
1111,4.677397701,9.325368948,62.91871256
1112,4.692986965,9.332613763,62.8400557
1113,4.713808627,9.342816811,62.74864056
1114,4.733776579,9.335110023,62.65204033
1115,4.733499141,9.312655236,62.54423147
1116,4.712125574,9.306154724,62.4208965
1117,4.70969748,9.313441071,62.31315066
1118,4.726339368,9.307358261,62.23369017
1119,4.724930685,9.300568873,62.15595749
1120,4.695009949,9.299195306,62.07583377
1121,4.678583668,9.305077275,61.97968052
1122,4.690731242,9.328773105,61.84737886
1123,4.701863379,9.351681961,61.71559179
1124,4.706626513,9.357089138,61.60129226
1125,4.711599917,9.355108688,61.49821503
1126,4.724730148,9.335429476,61.42289108
1127,4.74530898,9.316192307,61.34588183
1128,4.754776918,9.303431029,61.27839713
1129,4.751553156,9.29400182,61.22779286
1130,4.743922546,9.304465688,61.21059169
1131,4.740529384,9.317002435,61.20942069
1132,4.746967183,9.33167928,61.22866336
1133,4.763849854,9.343306452,61.26637359
1134,4.774465014,9.339640114,61.30212456
1135,4.764556183,9.328716469,61.33510316
1136,4.75712298,9.31531946,61.37268224
1137,4.77595505,9.30910649,61.43063047
1138,4.793332292,9.308412199,61.48044995
1139,4.791367091,9.319159381,61.50980005
1140,4.789034465,9.33043663,61.54038305
1141,4.788412776,9.329292474,61.57331147
1142,4.783967327,9.323096999,61.60416114
1143,4.764859945,9.326002197,61.63519388
1144,4.746143078,9.33455821,61.66080918
1145,4.744068981,9.343916301,61.66598778
1146,4.753269672,9.352360001,61.67160217
1147,4.746498061,9.345157073,61.66661919
1148,4.726768,9.33516382,61.6485062
1149,4.734877154,9.333186715,61.6275433
1150,4.774417149,9.331280892,61.61346883
1151,4.800211132,9.331327162,61.59278772
1152,4.798681551,9.340637455,61.55888762
1153,4.797902992,9.352649961,61.52705972
1154,4.78793447,9.353123266,61.4936675
1155,4.777768195,9.352326023,61.46035648
1156,4.775687706,9.360951955,61.42624002
1157,4.773575449,9.369369261,61.38908135
1158,4.76676248,9.371976552,61.34754002
1159,4.7608917,9.374443517,61.30922753
1160,4.780823035,9.369840549,61.27696705
1161,4.803550097,9.360913054,61.24224829
1162,4.797879956,9.364788628,61.19567444
1163,4.784183953,9.377054779,61.14426001
1164,4.781163872,9.384815199,61.09000367
1165,4.784828622,9.391453721,61.03398702
1166,4.780814989,9.389900783,60.97249921
1167,4.77371653,9.380906723,60.91718851
1168,4.77573055,9.381821578,60.86419556
1169,4.792996064,9.386327094,60.80506583
1170,4.810417618,9.385101353,60.75228921
1171,4.812976594,9.380207587,60.72157123
1172,4.812497509,9.37686084,60.69107044
1173,4.814954266,9.387124913,60.65605824
1174,4.817702051,9.395478459,60.62509271
1175,4.811732743,9.379900913,60.59790008
1176,4.80546354,9.363931369,60.56833649
1177,4.808906481,9.347992545,60.52625431
1178,4.813850258,9.331541275,60.48558583
1179,4.804255016,9.331050288,60.46259142
1180,4.791847566,9.334122926,60.44190314
1181,4.80079958,9.345059632,60.43938348
1182,4.817993347,9.360286986,60.44359289
1183,4.817973275,9.368698185,60.43846852
1184,4.810434691,9.370150686,60.42357696
1185,4.812049466,9.367024136,60.42120865
1186,4.815222366,9.360323746,60.43219042
1187,4.816454401,9.361042196,60.44941408
1188,4.817889049,9.372938799,60.4763219
1189,4.816119575,9.384311755,60.5016685
1190,4.8071158,9.401343513,60.52071909
1191,4.798743164,9.415506166,60.53985666
1192,4.793118751,9.40292651,60.5630788
1193,4.789585564,9.390590896,60.58604441
1194,4.810878159,9.385575039,60.61762914
1195,4.831806789,9.38094279,60.64952412
1196,4.844798859,9.391998923,60.68022468
1197,4.857518294,9.404037064,60.7096211
1198,4.857191492,9.412098125,60.73416952
1199,4.854698445,9.419082139,60.76046863
1200,4.870882585,9.417454315,60.79093293
1201,4.893520012,9.413989001,60.82052603
1202,4.892994543,9.407667231,60.83833345
1203,4.878354524,9.399046445,60.84888939
1204,4.863734498,9.396792143,60.87102473
1205,4.849410934,9.401239845,60.90487436
1206,4.838686058,9.405755005,60.92526408
1207,4.834764579,9.410962802,60.92869579
1208,4.834509459,9.412864379,60.93355526
1209,4.840072034,9.406550835,60.94097893
1210,4.845386511,9.404012736,60.9520501
1211,4.846832963,9.414323371,60.97397833
1212,4.849033265,9.423173293,60.99152444
1213,4.864096767,9.418362076,60.9808162
1214,4.878884865,9.413391733,60.97125923
1215,4.868481482,9.410808551,61.0046741
1216,4.857598415,9.408403171,61.03840787
1217,4.872526889,9.415972896,61.04509249
1218,4.890786475,9.424409973,61.04879075
1219,4.888157967,9.419212227,61.07967732
1220,4.880067489,9.410360485,61.11766835
1221,4.878748709,9.417910967,61.1362972
1222,4.880593552,9.433080613,61.14528555
1223,4.883837756,9.439523404,61.15831601
1224,4.887511332,9.44000298,61.17547432
1225,4.883373541,9.446191484,61.1844703
1226,4.871429133,9.45801814,61.18454972
1227,4.86542172,9.463947834,61.19147272
1228,4.868732674,9.461025818,61.20901748
1229,4.872159923,9.458640073,61.22058355
1230,4.875818167,9.457265215,61.21787273
1231,4.878573002,9.457965934,61.21659161
1232,4.877470484,9.467647102,61.22142637
1233,4.876517569,9.475819184,61.22772578
1234,4.878165656,9.468814698,61.24906032
1235,4.879808253,9.461836563,61.27033131
1236,4.868673875,9.459738431,61.27119648
1237,4.857419137,9.457693291,61.2720604
1238,4.867382355,9.465628806,61.27271422
1239,4.879577252,9.474961475,61.27286254
1240,4.885462841,9.469902254,61.27361467
1241,4.88999551,9.460679244,61.27428259
1242,4.897116732,9.469219245,61.26265265
1243,4.905203179,9.485728857,61.24653565
1244,4.903527729,9.490132208,61.23851413
1245,4.895704687,9.486008497,61.23603388
1246,4.890790698,9.487419535,61.22702586
1247,4.888135418,9.49563465,61.21027671
1248,4.886954825,9.498393622,61.20339796
1249,4.887579223,9.491137662,61.21234899
1250,4.88826109,9.489142407,61.2152214
1251,4.890771842,9.501840966,61.20423701
1252,4.896505072,9.514424596,61.19465247
1253,4.914389632,9.524299825,61.18686189
1254,4.931096075,9.531093586,61.17714641
1255,4.937825792,9.514574978,61.16306933
1256,4.944225041,9.498818445,61.1495236
1257,4.944542232,9.497116349,61.12548333
1258,4.944828231,9.495490953,61.10102949
1259,4.932644505,9.50290602,61.08791063
1260,4.919037336,9.511074922,61.07640332
1261,4.915265811,9.50862851,61.06402082
1262,4.913870517,9.504779277,61.05174021
1263,4.910336063,9.499015831,61.04303469
1264,4.905938474,9.492482339,61.03486908
1265,4.913704923,9.497685321,61.03299044
1266,4.928209187,9.508563625,61.03472392
1267,4.93710333,9.514437946,61.01837337
1268,4.940077167,9.516182131,60.99098307
1269,4.941223213,9.515850332,60.9770465
1270,4.942159024,9.51382407,60.97185902
1271,4.943815464,9.510687612,60.96651993
1272,4.946810949,9.503493698,60.96487985
1273,4.949593141,9.498239772,60.95719934
1274,4.951477425,9.502643646,60.93399463
1275,4.952234078,9.507483872,60.91173808
1276,4.946541568,9.511590306,60.88629629
1277,4.941129498,9.516682176,60.86148312
1278,4.941623967,9.531666387,60.85244762
1279,4.942916795,9.545687553,60.84272749
1280,4.960691854,9.544859792,60.81763716
1281,4.978868587,9.543706819,60.79222212
1282,4.981216926,9.544122706,60.79643715
1283,4.981947086,9.544110502,60.80359237
1284,4.976747508,9.546730329,60.77920515
1285,4.971270819,9.549664597,60.74903276
1286,4.973275234,9.549771166,60.73279391
1287,4.976515484,9.548360004,60.71891887
1288,4.980768958,9.551121311,60.7040462
1289,4.98621824,9.557810947,60.68937753
1290,4.989359365,9.562258493,60.67371468
1291,4.988874851,9.562980453,60.65626269
1292,4.980626346,9.561245812,60.63289099
1293,4.968969733,9.559002509,60.60525043
1294,4.965615555,9.558521826,60.58568115
1295,4.972737937,9.557397149,60.58045289
1296,4.979519667,9.556408141,60.57637579
1297,4.982368926,9.560147919,60.57230791
1298,4.986089659,9.566794997,60.56466369
1299,4.992761552,9.580657113,60.54683882
1300,4.997088447,9.592150533,60.52991653
1301,4.994012458,9.58821236,60.51301312
1302,4.991445365,9.583757066,60.49621228
1303,4.988493608,9.580446425,60.48004187
1304,4.984957446,9.57706935,60.4631298
1305,4.985943184,9.567566325,60.44358239
1306,4.988398224,9.557636581,60.42509494
1307,4.998095089,9.562337071,60.40788816
1308,5.004902057,9.568731747,60.38950433
1309,5.006044073,9.571457814,60.37277597
1310,5.007184643,9.573448408,60.35585366
1311,5.005290849,9.585040128,60.32990023
1312,5.004138693,9.599396481,60.30376407
1313,5.003081139,9.599883364,60.28764555
1314,5.001137191,9.592849568,60.2729013
1315,4.998439533,9.590495217,60.25592227
1316,4.99754111,9.59024183,60.23988288
1317,5.00203036,9.587006266,60.22436509
1318,5.007979227,9.58416599,60.20517012
1319,5.010696881,9.58474863,60.18177867
1320,5.009936249,9.588743533,60.15295496
1321,5.010008358,9.589626763,60.12826717
1322,5.013833598,9.586448283,60.11099306
1323,5.016085786,9.583823222,60.08894898
1324,5.009166239,9.578254446,60.06393831
1325,5.004927316,9.574196451,60.0417032
1326,5.015347946,9.579655716,60.02119165
1327,5.024319228,9.585491825,59.99973889
1328,5.027571309,9.587789742,59.97267928
1329,5.03068203,9.590196797,59.94676671
1330,5.032369728,9.593991957,59.92552063
1331,5.034070944,9.597728717,59.90386664
1332,5.0331748,9.605405979,59.89297725
1333,5.031455139,9.614065859,59.88494176
1334,5.033762282,9.608924465,59.85008413
1335,5.037532052,9.601283147,59.8086623
1336,5.026943788,9.600939697,59.76722891
1337,5.010241786,9.602966773,59.72603926
1338,5.016778178,9.604678944,59.68896045
1339,5.03324201,9.607099575,59.65477923
1340,5.039099828,9.607929215,59.60180767
1341,5.041100327,9.606696169,59.53467229
1342,5.03736152,9.605131787,59.46604661
1343,5.030003289,9.604620885,59.40218801
1344,5.031053217,9.612157966,59.33652714
1345,5.038741334,9.625504505,59.26890001
1346,5.040182271,9.632768449,59.19822188
1347,5.03352204,9.631701649,59.11546668
1348,5.034027199,9.628312661,59.03173584
1349,5.045951161,9.624223007,58.960903
1350,5.051440495,9.622593316,58.88733544
1351,5.049547967,9.627848998,58.79335605
1352,5.05089587,9.631984115,58.69464293
1353,5.046930801,9.632282568,58.59060931
1354,5.043609172,9.63578657,58.49401311
1355,5.052950737,9.635372617,58.43081894
1356,5.06165102,9.63317223,58.3676084
1357,5.060829391,9.630490873,58.30674605
1358,5.059284009,9.627932646,58.24564129
1359,5.058031947,9.62457355,58.18661375
1360,5.056551568,9.621237084,58.12923823
1361,5.050725382,9.616942976,58.08067175
1362,5.046022451,9.61305662,58.03170986
1363,5.049096494,9.612229617,57.98674308
1364,5.052745594,9.611322131,57.94391472
1365,5.065614713,9.612769986,57.90190276
1366,5.076918608,9.613130113,57.86025897
1367,5.073982548,9.608034294,57.83055993
1368,5.068690401,9.604323401,57.80929053
1369,5.075224308,9.609457588,57.77930454
1370,5.088339484,9.617074721,57.74439755
1371,5.095171508,9.632402399,57.71391419
1372,5.094231406,9.652760893,57.68105654
1373,5.091748846,9.658067185,57.63632619
1374,5.092940684,9.651911137,57.58506423
1375,5.094416669,9.654270924,57.53628653
1376,5.093715735,9.661586823,57.49064606
1377,5.097352265,9.660118236,57.45235021
1378,5.107070379,9.65240142,57.41978338
1379,5.113466771,9.648693993,57.37777428
1380,5.117307201,9.648036872,57.31832142
1381,5.122363483,9.648037379,57.26519381
1382,5.119937927,9.652428978,57.22773099
1383,5.116894981,9.657314541,57.18843159
1384,5.119592962,9.657872288,57.1523656
1385,5.120535435,9.658240651,57.12011543
1386,5.12052898,9.663037794,57.09401369
1387,5.121707155,9.666977983,57.06719186
1388,5.126561949,9.670964211,57.03382411
1389,5.131411845,9.675085421,57.00120483
1390,5.123670676,9.671684808,56.97829596
1391,5.11421637,9.668574437,56.95659109
1392,5.112648169,9.680861937,56.92535557
1393,5.113233991,9.693518661,56.89137409
1394,5.120164776,9.694202802,56.85004977
1395,5.128203894,9.695036031,56.81119838
1396,5.132569677,9.695783226,56.78065626
1397,5.135191789,9.695648427,56.7500808
1398,5.147937731,9.694493654,56.70495784
1399,5.161685604,9.69224915,56.6558833
1400,5.163585755,9.700096167,56.61343225
1401,5.163314249,9.712734182,56.57276723
1402,5.161906833,9.712810696,56.52250658
1403,5.159110966,9.707514045,56.4685766
1404,5.151071172,9.708020109,56.42857606
1405,5.140821763,9.710351227,56.39980724
1406,5.139866442,9.714864471,56.36750726
1407,5.143734466,9.720191786,56.33023881
1408,5.146962238,9.721551414,56.29809773
1409,5.152088215,9.720549258,56.27150994
1410,5.156239099,9.718127454,56.25157345
1411,5.160546169,9.714621893,56.24405657
1412,5.164820001,9.712580938,56.23732618
1413,5.166756617,9.713679792,56.22840414
1414,5.170453475,9.719329216,56.22768458
1415,5.177993367,9.733057603,56.24105092
1416,5.182662505,9.744884467,56.24671871
1417,5.18227046,9.751310618,56.23950398
1418,5.182474346,9.757140222,56.23667039
1419,5.177684558,9.762185745,56.24285548
1420,5.173457991,9.765682437,56.25149822
1421,5.172941717,9.762522398,56.27532435
1422,5.172645749,9.759963525,56.30048069
1423,5.179481933,9.755959055,56.3242258
1424,5.185602695,9.75189106,56.34656132
1425,5.189491443,9.752228164,56.36131263
1426,5.193421858,9.753527293,56.37550017
1427,5.19484954,9.756240882,56.39862686
1428,5.196112635,9.758359522,56.42366369
1429,5.194141229,9.766069993,56.45179901
1430,5.191314563,9.775296634,56.47874693
1431,5.193469697,9.777983402,56.50729899
1432,5.197008323,9.778518011,56.53729182
1433,5.200449455,9.776840227,56.5782266
1434,5.204802975,9.776313233,56.61821111
1435,5.201720842,9.777604201,56.64277369
1436,5.195422629,9.780077202,56.66364583
1437,5.196899697,9.7892772,56.69000081
1438,5.201702586,9.797487424,56.71993293
1439,5.204825745,9.796504101,56.7486273
1440,5.204367135,9.794090836,56.77508599
1441,5.205872396,9.791126482,56.80381588
1442,5.212174265,9.786216989,56.83437927
1443,5.214847555,9.790916332,56.8580382
1444,5.213508487,9.802043133,56.87727252
1445,5.215088865,9.804683898,56.8981168
1446,5.219886963,9.801804708,56.91845581
1447,5.226080939,9.802118092,56.93341308
1448,5.233306142,9.805732472,56.94671823
1449,5.235947271,9.809072888,56.96570375
1450,5.233216847,9.810755383,56.98877504
1451,5.23524421,9.808750625,57.00497289
1452,5.241830623,9.802852205,57.01115123
1453,5.242395912,9.801958481,57.02142684
1454,5.236326446,9.810770483,57.03967239
1455,5.2356652,9.819208548,57.05198931
1456,5.242005706,9.820992888,57.05508122
1457,5.245057991,9.819148421,57.06065607
1458,5.244792294,9.814842861,57.06853401
1459,5.244749766,9.816311937,57.07304681
1460,5.244765597,9.829456644,57.07149609
1461,5.245917638,9.841331874,57.07228369
1462,5.246830432,9.852878732,57.07804616
1463,5.246538941,9.862096884,57.08264785
1464,5.242645187,9.855880714,57.08825346
1465,5.240430949,9.849745684,57.09507829
1466,5.248194109,9.850503298,57.10645396
1467,5.254562375,9.851646231,57.11694647
1468,5.25729887,9.854201935,57.12832031
1469,5.260469567,9.856546933,57.14176758
1470,5.25845717,9.860331652,57.159097
1471,5.256189809,9.86435889,57.17474141
1472,5.253358074,9.861659404,57.18501242
1473,5.249970663,9.858569229,57.19545224
1474,5.243387574,9.862393921,57.19715771
1475,5.23798381,9.866611261,57.19808183
1476,5.252888965,9.865082281,57.20625934
1477,5.268482226,9.863190947,57.21527797
1478,5.273923444,9.86334394,57.22024913
1479,5.279048034,9.863946226,57.22428045
1480,5.276842011,9.876762065,57.23509836
1481,5.273662504,9.890409788,57.24667965
1482,5.278394229,9.888823273,57.26025295
1483,5.283443005,9.88426924,57.27531787
1484,5.280159111,9.883308991,57.28100731
1485,5.276180876,9.884159204,57.2836684
1486,5.274336119,9.888546206,57.28208439
1487,5.271754755,9.893822473,57.27906221
1488,5.275167028,9.887902899,57.28625508
1489,5.281456587,9.877332212,57.29703968
1490,5.288242313,9.875544934,57.29834679
1491,5.295617745,9.878346195,57.29708524
1492,5.294613239,9.885028958,57.29048528
1493,5.290191741,9.893110413,57.28107787
1494,5.289259706,9.894884461,57.27814731
1495,5.288922014,9.892477302,57.27823668
1496,5.291608066,9.894255515,57.27708708
1497,5.295781839,9.899637757,57.27508997
1498,5.296060179,9.900381233,57.27848972
1499,5.294940097,9.898150564,57.28414929
1500,5.299362573,9.898723075,57.28423932
1501,5.307321498,9.900258714,57.2828103
1502,5.30897337,9.902235738,57.28192497
1503,5.305519139,9.905309294,57.28083109
1504,5.304417675,9.907085759,57.28039969
1505,5.305227583,9.90761878,57.2782182
1506,5.306257341,9.909035211,57.27604074
1507,5.307486708,9.911171377,57.27422693
1508,5.311920766,9.916692966,57.26995323
1509,5.322285227,9.925910603,57.26307199
1510,5.327167072,9.931875823,57.26086696
1511,5.321875427,9.933019447,57.26724584
1512,5.319383157,9.934702357,57.27087102
1513,5.322859105,9.938204371,57.26650705
1514,5.325074168,9.939154465,57.26047321
1515,5.323751531,9.936857649,57.25464264
1516,5.321694304,9.935160682,57.25087044
1517,5.31852675,9.933696048,57.24991744
1518,5.316780257,9.935089719,57.24851534
1519,5.318532344,9.942125226,57.24823247
1520,5.322273938,9.948222596,57.24460561
1521,5.330588615,9.953238758,57.23084348
1522,5.335513609,9.956940197,57.22190788
1523,5.330046877,9.954724459,57.22308362
1524,5.32535456,9.952395572,57.22036843
1525,5.325769514,9.952266776,57.20940886
1526,5.326207127,9.953568637,57.19808931
1527,5.325917202,9.958742025,57.18751579
1528,5.326165798,9.96466114,57.17827507
1529,5.326297534,9.973264057,57.17096619
1530,5.325859695,9.980358296,57.16150206
1531,5.325101203,9.980583406,57.14574413
1532,5.324365311,9.979170887,57.13295248
1533,5.325606896,9.970272626,57.1348763
1534,5.327733725,9.963145751,57.13657168
1535,5.328294388,9.967452334,57.134406
1536,5.327999272,9.972368379,57.13032067
1537,5.326223116,9.978728509,57.11625325
1538,5.324723665,9.984885444,57.10251803
1539,5.33094263,9.985561332,57.09452566
1540,5.337513301,9.985290441,57.08760402
1541,5.339732526,9.981476026,57.08073103
1542,5.341541382,9.978108999,57.07285814
1543,5.343717072,9.983165948,57.05603702
1544,5.346120022,9.988504782,57.03991451
1545,5.345499043,9.997226865,57.04061668
1546,5.344983922,10.00565914,57.04072772
1547,5.342831885,10.00423738,57.03547495
1548,5.340517337,10.00272268,57.03059372
1549,5.345193838,10.00252334,57.02051625
1550,5.350424456,10.00240375,57.00971386
1551,5.36123865,10.00508986,56.98345895
1552,5.371843943,10.00778013,56.95705601
1553,5.371030293,10.00270114,56.95250521
1554,5.370031454,9.997385247,56.94869624
1555,5.370287935,9.998592006,56.93663017
1556,5.370578292,10.00001188,56.92411883
1557,5.364632803,10.00318048,56.9126114
1558,5.358595782,10.00609441,56.90124863
1559,5.366025845,10.00348232,56.88455519
1560,5.374228689,10.00119864,56.86719625
1561,5.374241935,10.00073464,56.85966431
1562,5.373746071,9.999833986,56.85327454
1563,5.371672937,10.00325736,56.83420171
1564,5.369184702,10.00777526,56.81373006
1565,5.366259007,10.0139913,56.8049662
1566,5.363308107,10.01996239,56.79742511
1567,5.372985232,10.02350316,56.78266543
1568,5.384202572,10.02677634,56.76717469
1569,5.389716202,10.02609829,56.74473381
1570,5.394328355,10.02479276,56.72117245
1571,5.394759084,10.01650007,56.69943313
1572,5.394956298,10.00731117,56.6779214
1573,5.392756642,10.01566295,56.66955263
1574,5.389883366,10.02681023,56.66319219
1575,5.393023516,10.02944893,56.64941392
1576,5.397250494,10.03060816,56.63442403
1577,5.397344006,10.03041201,56.61705943
1578,5.396757044,10.02982288,56.59925799
1579,5.395693343,10.0337775,56.578859
1580,5.394529934,10.03875654,56.55810161
1581,5.390869785,10.03454331,56.53542289
1582,5.386539951,10.02844487,56.5120228
1583,5.387884859,10.02609251,56.49297324
1584,5.390478934,10.02457267,56.47505858
1585,5.390310507,10.03043347,56.46091432
1586,5.389597276,10.03786745,56.44755038
1587,5.393508296,10.04621648,56.43615311
1588,5.398470758,10.05482319,56.42504404
1589,5.399616023,10.06356737,56.40197582
1590,5.399887809,10.0722817,56.37620232
1591,5.40461367,10.07672869,56.34687716
1592,5.410412527,10.08019591,56.31662616
1593,5.414546133,10.07804423,56.28684595
1594,5.418272286,10.07453634,56.25711478
1595,5.41533736,10.07244039,56.21832566
1596,5.410741925,10.07066735,56.17725649
1597,5.414649433,10.07592602,56.14277018
1598,5.420686777,10.0829389,56.10986151
1599,5.422306122,10.08266323,56.06283087
1600,5.422735663,10.08061939,56.01215139
1601,5.419341826,10.07923945,55.95958612
1602,5.415119258,10.07803463,55.90637718
1603,5.415608609,10.0698719,55.84165736
1604,5.417297207,10.05995817,55.77403812
1605,5.420801996,10.06709095,55.70217721
1606,5.424705277,10.07841935,55.62909056
1607,5.434536376,10.08065395,55.54352992
1608,5.445823702,10.08058714,55.45452948
1609,5.444765128,10.07675222,55.34950966
1610,5.440691731,10.07208776,55.24085633
1611,5.440288888,10.0726686,55.14162622
1612,5.440983533,10.07470031,55.04412981
1613,5.442013087,10.07481936,54.95619657
1614,5.442843211,10.07417955,54.86988671
1615,5.434457197,10.07619591,54.79488081
1616,5.424324769,10.07885883,54.72252328
1617,5.417161641,10.0753502,54.6448926
1618,5.410554114,10.07043032,54.56581526
1619,5.413911308,10.07074009,54.48401534
1620,5.418875275,10.07240761,54.4014296
1621,5.418066709,10.0705181,54.31452871
1622,5.416176844,10.06751818,54.22691637
1623,5.41789129,10.06867331,54.11896386
1624,5.420713161,10.07093901,54.00661286
1625,5.424787343,10.06822508,53.8828886
1626,5.429393371,10.06468306,53.75675021
1627,5.434278624,10.06030262,53.6326475
1628,5.438581376,10.05553665,53.50860775
1629,5.439246309,10.05501995,53.35119977
1630,5.439338087,10.05532367,53.18806611
1631,5.432683925,10.05725654,52.97646005
1632,5.42525059,10.05940112,52.75699884
1633,5.428813241,10.05312982,52.49903807
1634,5.433744369,10.04601447,52.23505498
1635,5.438587886,10.0342702,51.90017178
1636,5.443358074,10.02154809,51.55605564
1637,5.433346428,10.00606576,51.155069
1638,5.4221721,9.990218661,50.74617515
1639,5.420245421,9.977476625,50.2892264
1640,5.41862564,9.965182502,49.82528978
1641,5.418192042,9.947896847,49.30461094
1642,5.418037653,9.929743993,48.77836935
1643,5.413328813,9.901888619,48.19932702
1644,5.40892931,9.873825179,47.6153611
1645,5.39735908,9.852497525,47.02268511
1646,5.38354272,9.831563485,46.427849
1647,5.380772162,9.819679671,45.79316791
1648,5.379791509,9.807299666,45.15313398
1649,5.380756168,9.78013642,44.50967603
1650,5.381707393,9.752996198,43.86363805
1651,5.38048551,9.725798424,43.22191301
1652,5.378615784,9.697562977,42.58053845
1653,5.360345741,9.66789719,41.99823286
1654,5.342269371,9.63964527,41.41997924
1655,5.338041358,9.615966943,40.91352508
1656,5.334396277,9.592441992,40.41383496
1657,5.340928362,9.583768519,40.05816167
1658,5.346565782,9.574813069,39.71211435
1659,5.342108116,9.568666429,39.51786287
1660,5.338356956,9.564379111,39.34084024
1661,5.335443677,9.569083877,39.36651832
1662,5.334230254,9.574011306,39.40651348
1663,5.345438976,9.58394188,39.58338245
1664,5.355945537,9.595074204,39.77230157
1665,5.365703015,9.616551444,40.05843834
1666,5.374518671,9.636873871,40.35474258
1667,5.375258973,9.651416966,40.69424646
1668,5.377736802,9.667727361,41.02903785
1669,5.387923333,9.691063729,41.33986545
1670,5.395651155,9.711193502,41.64079545
1671,5.392957951,9.721125964,41.90909833
1672,5.389356123,9.73335041,42.16523967
1673,5.386590993,9.751004627,42.36348119
1674,5.386584603,9.766380156,42.55954773
1675,5.391675391,9.775784517,42.74164677
1676,5.397292105,9.788894015,42.91594909
1677,5.404313233,9.810672625,43.06627245
1678,5.410815316,9.831333224,43.21427339
1679,5.417102372,9.849130739,43.35807616
1680,5.422824369,9.865471023,43.50309671
1681,5.430756367,9.880544785,43.65004492
1682,5.437041759,9.891070612,43.80213916
1683,5.434420183,9.889984791,43.96046235
1684,5.433920723,9.894887896,44.12225107
1685,5.440049018,9.910095219,44.29088228
1686,5.446642502,9.918363624,44.45818623
1687,5.452972364,9.916469159,44.62472092
1688,5.458433363,9.920520357,44.79169586
1689,5.462620706,9.932747896,44.96170877
1690,5.466939185,9.943997945,45.10230157
1691,5.47281457,9.953543044,45.20306796
1692,5.478119509,9.961583318,45.27778252
1693,5.479330754,9.970690467,45.32002984
1694,5.479551366,9.977154554,45.33530165
1695,5.482622264,9.978819538,45.32618767
1696,5.484343161,9.977782606,45.28487748
1697,5.483849767,9.973312869,45.21181111
1698,5.477853085,9.968611193,45.12837188
1699,5.468218758,9.964498236,45.03731409
1700,5.458367511,9.963960498,44.94553093
1701,5.445903627,9.966237987,44.85183175
1702,5.442112768,9.967720671,44.76845428
1703,5.445671191,9.968600493,44.68967833
1704,5.456208254,9.971386156,44.63233077
1705,5.470255464,9.975461893,44.58585318
1706,5.471023093,9.973921579,44.55130805
1707,5.464179462,9.969860639,44.52467255
1708,5.47014864,9.968621154,44.53410036
1709,5.481184192,9.968711783,44.55710688
1710,5.489574735,9.975097147,44.55668642
1711,5.498661723,9.983285788,44.54982991
1712,5.491743216,9.986769583,44.5420874
1713,5.480384952,9.988871296,44.53159994
1714,5.493258729,9.989266313,44.51315318
1715,5.510467403,9.988646992,44.49340019
1716,5.507702974,9.982000664,44.46354977
1717,5.501429573,9.975297425,44.4349071
1718,5.502555003,9.985921691,44.40294618
1719,5.505739376,9.997010468,44.37037881
1720,5.508418117,9.994822398,44.3458488
1721,5.511092053,9.993673225,44.32220194
1722,5.49898626,9.997995651,44.32018816
1723,5.487105251,10.00097701,44.31925892
1724,5.491991416,10.01214327,44.31379366
1725,5.494846188,10.02193456,44.31099782
1726,5.498551609,10.0129007,44.32711484
1727,5.504945081,10.00571341,44.34566485
1728,5.50745092,10.01024828,44.39407361
1729,5.50790715,10.01528745,44.44706359
1730,5.50621028,10.01785212,44.52191909
1731,5.505198872,10.02022099,44.59725532
1732,5.498193453,10.02974606,44.67794135
1733,5.494163426,10.03881346,44.77040978
1734,5.51042484,10.0417654,44.9076517
1735,5.525337852,10.04635768,45.0536371
1736,5.53521694,10.05795291,45.22199537
1737,5.538756489,10.07014999,45.39111917
1738,5.527382639,10.08044644,45.55606157
1739,5.524671003,10.08516902,45.71929931
1740,5.534868738,10.08373457,45.8834026
1741,5.540762121,10.08439691,46.03616846
1742,5.543075125,10.08401995,46.16719763
1743,5.542947593,10.08582126,46.28464738
1744,5.542801202,10.09561409,46.38765433
1745,5.553024399,10.1054178,46.47739036
1746,5.566691795,10.11088377,46.55127659
1747,5.566769633,10.10792244,46.62554699
1748,5.557007804,10.09978458,46.7011185
1749,5.549180141,10.10069855,46.77510157
1750,5.5432163,10.10678329,46.849921
1751,5.544844994,10.12024583,46.92581639
1752,5.554102449,10.13820802,47.00070885
1753,5.567455103,10.15327894,47.07047794
1754,5.578953484,10.16781773,47.1374146
1755,5.577584817,10.17092487,47.2000568
1756,5.574553593,10.16861883,47.26143592
1757,5.577445259,10.1673581,47.33335194
1758,5.580908314,10.16617354,47.40944782
1759,5.582936834,10.17036463,47.48786276
1760,5.58193031,10.17826684,47.56772096
1761,5.574375835,10.17687078,47.62472538
1762,5.567572487,10.17221438,47.68001957
1763,5.560449398,10.17612928,47.74505176
1764,5.554277201,10.18033128,47.8085952
1765,5.563884856,10.18402258,47.87115214
1766,5.572886257,10.18820885,47.93531559
1767,5.574405094,10.19164557,48.02513047
1768,5.577536373,10.19751965,48.11829658
1769,5.580334288,10.20583085,48.21478126
1770,5.582246844,10.2135099,48.31407949
1771,5.579644094,10.2177915,48.42314678
1772,5.577632683,10.22242957,48.52867508
1773,5.57604448,10.23571917,48.62315788
1774,5.57719778,10.24746376,48.71237409
1775,5.582687385,10.2535585,48.79599071
1776,5.582363738,10.25612089,48.88271906
1777,5.576823606,10.25595383,48.96446997
1778,5.578465186,10.25986122,49.03725842
1779,5.589623184,10.26413336,49.09738673
1780,5.599553085,10.2608887,49.13758213
1781,5.608469924,10.24792078,49.14802964
1782,5.611522174,10.2551995,49.15530714
1783,5.610209375,10.28172757,49.1640689
1784,5.611588184,10.28512664,49.15800331
1785,5.614517485,10.27368671,49.13862624
1786,5.615330549,10.27710802,49.11914651
1787,5.611083564,10.28852939,49.09869227
1788,5.61647006,10.29427475,49.05778017
1789,5.626047547,10.29966912,49.00950886
1790,5.627627253,10.30426833,48.96311806
1791,5.627192691,10.30447443,48.91734894
1792,5.625865625,10.28440203,48.86643347
1793,5.627455034,10.26330672,48.81374662
1794,5.62948158,10.26147512,48.78925923
1795,5.631156411,10.26098873,48.76692907
1796,5.588321359,10.19628613,48.57039047
1797,5.683733613,10.1872615,48.453684
1798,5.511798593,10.09662649,48.47188237
1799,5.337155755,10.00621241,48.49397826
1800,5.347913189,10.04615333,48.53937522
1801,5.377975099,10.09368814,48.59392892
1802,5.412509634,10.12678994,48.63465328
1803,5.500538081,10.1815198,48.66621794
1804,5.567828265,10.24849819,48.6575734
1805,5.59307446,10.31374743,48.55687712
1806,5.661961097,10.35583481,48.50095774
1807,5.81584071,10.32099913,48.62057551
1808,5.958673879,10.28527507,48.73695495
1809,5.962663797,10.2156759,48.87288933
1810,5.963167462,10.14506636,49.0116174
1811,5.973988182,10.24408357,49.00559727
1812,5.980112711,10.38918959,48.96094613
1813,6.033905741,10.42858943,48.9234649
1814,6.114864988,10.3993987,48.8937915
1815,6.126325886,10.37599267,48.91084345
1816,6.01103629,10.33637154,49.01115632
1817,5.882642333,10.30222987,49.08765146
1818,5.696822969,10.30863628,49.00913393
1819,5.512680459,10.31500528,48.93126985
1820,5.551710725,10.30453429,48.84608561
1821,5.619000432,10.29920033,48.76062273
1822,5.689240106,10.31327154,48.69193014
1823,5.757857967,10.32978376,48.62855389
1824,5.786838801,10.3387143,48.57481181
1825,5.776806316,10.34436898,48.5276151
1826,5.756086985,10.33393482,48.5085854
1827,5.694984009,10.26897013,48.57572241
1828,5.632744537,10.20596676,48.64315022
1829,5.544783571,10.14867344,48.72014428
1830,5.457093914,10.09169835,48.79699136
1831,5.472272014,10.15236754,48.77546849
1832,5.506253871,10.23629331,48.73410285
1833,5.637346601,10.33805181,48.7608458
1834,5.822487468,10.45273675,48.83032523
1835,5.987941949,10.53727279,48.95083598
1836,6.128274603,10.57945657,49.14187529
1837,6.214852807,10.58031102,49.32497132
1838,6.104298647,10.42931591,49.48256466
1839,5.99512411,10.27962962,49.63897064
1840,5.926919992,10.280433,49.64443088
1841,5.859099324,10.28143669,49.6496602
1842,5.77809959,10.27537532,49.61165056
1843,5.696075769,10.26635254,49.56359874
1844,5.71583065,10.28646207,49.62945478
1845,5.806441214,10.3244096,49.76848557
1846,5.853049957,10.38095754,49.81920518
1847,5.833139269,10.46896103,49.73501556
1848,5.82477917,10.5349177,49.69315616
1849,5.854731043,10.50129837,49.81519689
1850,5.883233598,10.46736773,49.93512313
1851,5.779847234,10.45865266,49.98035036
1852,5.672932753,10.45314819,50.0248297
1853,5.653034605,10.45364888,49.94303298
1854,5.656048285,10.45238369,49.83036216
1855,5.624549702,10.4679362,49.77645989
1856,5.577196328,10.49951489,49.76509898
1857,5.577521062,10.56734154,49.75055622
1858,5.65462022,10.71246131,49.72290024
1859,5.733884223,10.83162488,49.69533545
1860,5.787718282,10.79529628,49.67415015
1861,5.837044367,10.75861151,49.65071047
1862,5.817454038,10.69161131,49.56482158
1863,5.79995457,10.62243109,49.47765821
1864,5.817857411,10.48495723,49.42825245
1865,5.845161961,10.32858703,49.38233131
1866,5.853000166,10.21547571,49.38598804
1867,5.849014588,10.12072445,49.41183436
1868,5.829052522,10.0813823,49.4439475
1869,5.76365904,10.13396765,49.53401227
1870,5.701931419,10.19563041,49.60805309
1871,5.662268404,10.30224555,49.62501994
1872,5.620545113,10.40430435,49.64619188
1873,5.571383755,10.38391504,49.65973184
1874,5.524171881,10.35427089,49.66715503
1875,5.553152542,10.37735745,49.5702872
1876,5.599154719,10.42691772,49.45485859
1877,5.694279096,10.4345822,49.40324886
1878,5.824863844,10.4366108,49.38682166
1879,5.881588027,10.45261256,49.37139898
1880,5.803760682,10.46523122,49.34839309
1881,5.744806868,10.45753073,49.33015358
1882,5.754466975,10.38145694,49.31495809
1883,5.756937095,10.30619211,49.30028885
1884,5.775501651,10.25533998,49.28933497
1885,5.799795355,10.20749833,49.27861299
1886,5.879616299,10.22731386,49.03912723
1887,5.966050262,10.24233953,48.75507761
1888,6.025438404,10.29257063,48.52528879
1889,6.049243411,10.35426831,48.35703002
1890,6.027385281,10.36611886,48.17544827
1891,5.97363963,10.331841,47.96090945
1892,5.922817484,10.29340649,47.79980089
1893,5.896040043,10.3138125,47.69459764
1894,5.862569049,10.35573839,47.57299336
1895,5.85503222,10.47262778,47.36456481
1896,5.852010757,10.58671212,47.1497342
1897,5.82614395,10.58857859,46.90358982
1898,5.784788551,10.57225892,46.66478645
1899,5.764050075,10.57754899,46.47601301
1900,5.746151634,10.59042905,46.31539784
1901,5.737751212,10.62980099,46.13411932
1902,5.767158962,10.681794,45.95555623
1903,5.794504852,10.67922919,45.832257
1904,5.776980171,10.60091677,45.7874017
1905,5.738491787,10.54825638,45.72671198
1906,5.66022381,10.55261944,45.61193603
1907,5.593321006,10.55479476,45.52506098
1908,5.584505029,10.48770156,45.58052809
1909,5.57542312,10.40675811,45.63503677
1910,5.604901203,10.40782559,45.65564841
1911,5.631358684,10.45603386,45.71158732
1912,5.627297033,10.51876728,45.77032878
1913,5.620559208,10.58209823,45.8247909
1914,5.596436576,10.61163462,45.9113673
1915,5.534644833,10.57282978,45.98775366
1916,5.487364785,10.5325107,46.06551899
1917,5.550874538,10.55997803,46.23171203
1918,5.624846025,10.58089107,46.38997915
1919,5.703186692,10.61017256,46.52702474
1920,5.771335367,10.63885558,46.66487476
1921,5.823488066,10.5830637,46.76761241
1922,5.89265431,10.50420193,46.8510269
1923,5.916067359,10.47937391,46.95598582
1924,5.910956989,10.45891882,47.05779084
1925,5.932239263,10.46153457,47.14778203
1926,5.920463148,10.46029739,47.22280539
1927,5.86467719,10.45906445,47.28490736
1928,5.839180687,10.53113849,47.31629393
1929,5.857335362,10.59216364,47.3224651
1930,5.890917658,10.62034415,47.24671316
1931,5.933601337,10.64897461,47.17272593
1932,5.971744147,10.59560279,47.19153375
1933,5.99376367,10.52299705,47.23330369
1934,5.938213612,10.46106673,47.26286681
1935,5.885739428,10.40484296,47.26950235
1936,5.853727362,10.34029768,47.2287275
1937,5.814206514,10.31337953,47.17138749
1938,5.78940022,10.33273638,47.09889111
1939,5.867981799,10.37274641,47.04834831
1940,5.938805018,10.4058481,47.01352764
1941,5.94715,10.41742131,46.98001216
1942,5.950994974,10.45856297,46.92726266
1943,5.891723363,10.53945667,46.76663632
1944,5.84750964,10.59451703,46.60040736
1945,5.883268305,10.58367221,46.47413621
1946,5.926943742,10.57607933,46.35928895
1947,5.942479299,10.55780104,46.2190911
1948,5.943247339,10.52244408,46.06969905
1949,5.923968213,10.56068571,46.02373522
1950,5.927807048,10.62029715,46.03559781
1951,5.942538768,10.64321412,46.09076068
1952,5.965208268,10.64621348,46.16250914
1953,5.978961982,10.66594894,46.21757674
1954,5.960758088,10.67670857,46.2947016
1955,5.948243226,10.66248443,46.42901692
1956,5.91554425,10.64946499,46.63002455
1957,5.875257154,10.62046249,46.79844502
1958,5.864733692,10.5600134,46.86812693
1959,5.862420729,10.51146177,46.93075009
1960,5.797666882,10.51275622,47.01081386
1961,5.711458247,10.51338606,47.10255603
1962,5.716049145,10.57554437,47.23581632
1963,5.748444813,10.60540292,47.398903
1964,5.786475576,10.6409626,47.55660549
1965,5.845243511,10.7284243,47.63755489
1966,5.893874177,10.80955894,47.72690451
1967,5.895509069,10.86616723,47.85732521
1968,5.873020176,10.89355031,47.95616332
1969,5.821610716,10.87001405,47.98411212
1970,5.760933426,10.84252189,48.0245098
1971,5.70354486,10.80514564,48.13925967
1972,5.665190823,10.76196654,48.25443639
1973,5.70544196,10.70193468,48.31416153
1974,5.763129802,10.6452491,48.36648859
1975,5.830674774,10.67099915,48.35772434
1976,5.868779194,10.72175518,48.34347505
1977,5.897758124,10.76566778,48.43292607
1978,5.942947514,10.78248263,48.46847754
1979,5.96426004,10.75338283,48.46725217
1980,5.989890603,10.72783417,48.46876375
1981,6.039109706,10.69936884,48.47761404
1982,6.042693603,10.70603979,48.55244049
1983,6.01268604,10.73567289,48.62852461
1984,5.927385065,10.80725572,48.73112922
1985,5.8592809,10.88187559,48.83311868
1986,5.870660337,10.91300668,48.87297965
1987,5.894320201,10.9228394,48.88009476
1988,5.900966805,10.89883703,48.80045492
1989,5.906477652,10.85290764,48.69554664
1990,5.896845019,10.87597466,48.66119097
1991,5.872886074,10.90258465,48.66983329
1992,5.909254822,10.87762141,48.66651654
1993,5.929569191,10.89885662,48.71289516
1994,5.93333146,10.95845138,48.76091341
1995,6.0296758,11.00664386,48.76008628
1996,6.100306892,11.03711268,48.74349793
1997,6.124748143,11.01960177,48.64269009
1998,6.121840017,10.97038296,48.54088017
1999,6.049563889,10.89660152,48.49743062
2000,5.978013345,10.82949175,48.49280891
2001,5.965383187,10.77408987,48.582655
2002,5.987202438,10.72164021,48.68827213
2003,6.083318509,10.69279302,48.73550067
2004,6.155577263,10.68683799,48.74388644
2005,6.182047842,10.72819105,48.74979829
2006,6.234777218,10.74754864,48.75258909
2007,6.234376875,10.75791637,48.7511114
2008,6.230260433,10.74529537,48.79094456
2009,6.20594273,10.73765764,48.80775005
2010,6.110824675,10.77522065,48.78805559
2011,6.094943187,10.79688656,48.79564425
2012,6.178279213,10.8507211,48.7606861
2013,6.242035805,10.91563348,48.73489808
2014,6.246642192,10.94041298,48.78218415
2015,6.212539551,10.92925185,48.80019582
2016,6.117366507,10.81596267,48.6540748
2017,6.031371851,10.68983917,48.4890479
2018,5.984437362,10.6868921,48.43789094
2019,5.954803054,10.71410427,48.41946011
2020,6.015519798,10.74030501,48.45966683
2021,6.104992325,10.76119049,48.57199473
2022,6.12913261,10.76189507,48.63572164
2023,6.066874839,10.85714323,48.68146791
2024,6.038307994,10.94819617,48.674214
2025,6.030333106,10.94020481,48.57441197
2026,6.088285084,10.9325137,48.51485164
2027,6.228508739,10.94971001,48.4530215
2028,6.30400026,10.94172129,48.40152855
2029,6.264510441,10.87790365,48.41215463
2030,6.208463347,10.82850041,48.4542723
2031,6.185669129,10.84282925,48.50131425
2032,6.167311917,10.88418862,48.50942014
2033,6.131708792,10.96234203,48.44536163
2034,6.134654328,11.02910277,48.39063093
2035,6.126161757,11.06156582,48.36195651
2036,6.028439287,11.10004224,48.34958475
2037,6.002987519,11.18939185,48.34569253
2038,6.046246633,11.28983485,48.29901697
2039,6.078039295,11.3064988,48.22982792
2040,6.084505349,11.26160271,48.17569189
2041,6.054048136,11.19662856,48.14268406
2042,5.941998723,11.10212863,48.03923031
2043,5.858064992,11.02776116,47.96490328
2044,5.849022224,10.9863732,48.03604061
2045,5.875351535,10.91377689,48.11972515
2046,5.930414206,10.84284026,48.19156114
2047,5.982144816,10.82307055,48.25696527
2048,6.033004158,10.85552832,48.28802007
2049,6.066660388,10.87261229,48.28664061
2050,6.046309101,10.87868381,48.23123931
2051,6.046264921,10.8861136,48.18235696
2052,6.048757127,10.90326709,48.12792864
2053,6.017211697,10.9259457,48.06623167
2054,6.027464237,10.97330741,48.06930542
2055,6.031647602,11.00353597,48.04593262
2056,6.025483567,11.01466883,47.95455992
2057,6.080111708,11.05975092,47.83691218
2058,6.10942698,11.04656974,47.70080288
2059,6.08637535,11.01433886,47.56131173
2060,6.057681702,11.02293294,47.48293544
2061,5.98954219,11.03067272,47.51557673
2062,5.95260783,11.04552764,47.59418841
2063,6.038633755,11.07269963,47.64071944
2064,6.16391653,11.08375094,47.60168231
2065,6.252189705,11.03329064,47.45867681
2066,6.30642863,10.94318289,47.31546859
2067,6.394019696,10.83408409,47.20353468
2068,6.511159899,10.76109391,47.13500489
2069,6.571330049,10.70267816,47.08331318
2070,6.617276437,10.67851117,46.96269804
2071,6.632434739,10.79862627,46.81576075
2072,6.574615581,10.85314834,46.66578566
2073,6.523059924,10.91929867,46.49685648
2074,6.527580669,11.05048968,46.38305293
2075,6.564382658,11.14448267,46.22789669
2076,6.529295822,11.17550161,46.03136118
2077,6.419675452,11.20408022,45.92009314
2078,6.374055515,11.20384431,45.87313912
2079,6.397374227,11.16314788,45.81942113
2080,6.437807772,11.11435834,45.7286537
2081,6.409938817,11.07905276,45.60701249
2082,6.272420085,11.00639549,45.47447851
2083,6.142845653,10.906184,45.33943747
2084,6.075217505,10.84126653,45.21903949
2085,6.028042265,10.81055184,45.12346072
2086,6.03123443,10.80239289,45.02524252
2087,6.069741028,10.8221663,44.93124759
2088,6.198454566,10.83705399,44.89771
2089,6.349592572,10.81670355,44.86157904
2090,6.393191618,10.82613267,44.91077412
2091,6.418371662,10.81722227,44.99265324
2092,6.418325458,10.78303273,45.08366175
2093,6.398318236,10.74526944,45.12590878
2094,6.403159873,10.74587272,45.17508356
2095,6.434816384,10.80577483,45.25385993
2096,6.487303253,10.85915665,45.3249095
2097,6.460264826,10.90751674,45.29287807
2098,6.405386914,10.93534668,45.14627248
2099,6.319124922,10.83271332,44.92296436
2100,6.229557341,10.69449795,44.72767648
2101,6.158008509,10.62012119,44.63431297
2102,6.093495235,10.60672377,44.5701163
2103,6.076953209,10.70064141,44.45710393
2104,6.086115705,10.83006185,44.28682532
2105,6.090352418,10.92350768,43.96307972
2106,6.093009012,10.96638281,43.54322103
2107,6.091678348,10.92053466,43.11048583
2108,6.141674894,10.86550972,42.72986705
2109,6.211783941,10.84807541,42.44913253
2110,6.238068916,10.82785748,42.26669405
2111,6.285601558,10.92722631,41.98181823
2112,6.26550462,11.04463331,41.56268634
2113,6.226054896,11.02740387,41.10167713
2114,6.152876263,10.93139713,40.5691578
2115,6.116584272,10.82320931,40.0402662
2116,6.148614559,10.73855227,39.5509905
2117,6.138815626,10.68038529,39.13010388
2118,6.093643741,10.67874983,38.82127407
2119,6.073218234,10.72092314,38.5075766
2120,6.155895414,10.82168008,38.11718478
2121,6.264853702,10.88419362,37.68103808
2122,6.340527068,10.85094827,37.22717365
2123,6.345612981,10.81354493,36.79365584
2124,6.259989828,10.76089358,36.42494688
2125,6.181213416,10.66683144,36.08587849
2126,6.07579422,10.55766107,35.7443452
2127,5.932930609,10.46882678,35.37464308
2128,5.851311895,10.37210486,35.00132581
2129,5.802079837,10.29414837,34.70756304
2130,5.766255046,10.3229628,34.52056599
2131,5.775665806,10.36602826,34.29928024
2132,5.867013754,10.3942786,34.0715832
2133,5.955741442,10.42909954,33.99247467
2134,5.939687603,10.48568953,34.01921799
2135,5.815896773,10.56848409,34.00716213
2136,5.715112965,10.63043257,34.09379536
2137,5.714134811,10.66180753,34.18449894
2138,5.779127863,10.6519095,34.27324659
2139,5.905164949,10.66630379,34.5074616
2140,6.039961429,10.72249775,34.70761678
2141,6.165963821,10.75593992,34.92039671
2142,6.230839014,10.69465755,35.19909339
2143,6.247962123,10.55028102,35.44857652
2144,6.248459307,10.47254104,35.65907521
2145,6.217231369,10.4443856,35.8464939
2146,6.241024547,10.41413592,36.00449075
2147,6.336624663,10.40484499,36.04291278
2148,6.406120939,10.41046666,36.03748685
2149,6.383015089,10.45180174,35.98477345
2150,6.283957316,10.49082965,35.88858126
2151,6.137287418,10.46913971,35.76996222
2152,6.051949105,10.43416144,35.63244372
2153,6.079509967,10.42447006,35.45491068
2154,6.191325657,10.48929984,35.34160799
2155,6.150548584,10.5674295,35.27811478
2156,5.998579187,10.62419891,35.21631162
2157,5.971162973,10.64184849,35.10635178
2158,5.950929568,10.58101068,35.03119637
2159,5.928369148,10.62054622,35.08012212
2160,5.910312367,10.65848585,35.1825983
2161,5.90651424,10.70434985,35.35863458
2162,5.884653025,10.74136313,35.59444514
2163,5.906686397,10.69577954,35.87264914
2164,5.975926823,10.70133905,36.20438709
2165,5.976663301,10.70494957,36.5543111
2166,5.996829371,10.73544983,36.86854171
2167,6.021797758,10.74988271,37.16686164
2168,6.067267527,10.71710973,37.48439699
2169,6.157643814,10.68179603,37.74467078
2170,6.20737238,10.61770607,37.87269355
2171,6.213474265,10.59009732,38.01509714
2172,6.260468492,10.59367007,38.15936747
2173,6.330198443,10.55494785,38.25322329
2174,6.364881362,10.50939531,38.26482053
2175,6.404945674,10.48236684,38.2480512
2176,6.46148231,10.41984102,38.23957174
2177,6.472140715,10.37988572,38.22765377
2178,6.451252938,10.49963748,38.10493097
2179,6.482717502,10.6462231,37.97580055
2180,6.525141343,10.6879842,37.92292514
2181,6.491541881,10.71734021,37.86115332
2182,6.406743365,10.68410548,37.75720305
2183,6.336900587,10.66779688,37.68505774
2184,6.23072128,10.80114189,37.7148244
2185,6.179261822,10.85711071,37.81298176
2186,6.172202599,10.86587246,37.83733287
2187,6.08684717,10.88732932,37.86224491
2188,5.980775211,10.8570024,37.98193023
2189,5.968724577,10.83164478,38.10678522
2190,6.012061755,10.80674519,38.35861677
2191,6.177419837,10.76309901,38.65607449
2192,6.384428241,10.74637267,38.92849293
2193,6.412014542,10.72602565,39.2678625
2194,6.418983763,10.75728794,39.55643089
2195,6.361537294,10.92155341,39.74989934
2196,6.292479107,11.03489697,39.95655721
2197,6.204578459,11.00273229,40.09089759
2198,6.112898755,10.96101808,40.18505831
2199,6.165967485,10.88266941,40.21066146
2200,6.263764643,10.77280831,40.24185423
2201,6.332907606,10.71777067,40.37053386
2202,6.372189474,10.70645395,40.50062994
2203,6.365952387,10.72837471,40.47500971
2204,6.321771643,10.77815429,40.36489456
2205,6.217542572,10.79324263,40.22911117
2206,6.111596363,10.76415877,40.09782157
2207,6.118185118,10.78764886,39.95774615
2208,6.238427394,10.82778666,39.8286382
2209,6.407382638,10.7849605,39.69494785
2210,6.506497554,10.7313178,39.53690191
2211,6.580862059,10.71240948,39.26359214
2212,6.612507113,10.72681803,38.92994499
2213,6.470766582,10.70945063,38.60234133
2214,6.323967643,10.67416634,38.3000741
2215,6.28506784,10.70034006,38.09675699
2216,6.304533856,10.71763983,37.95535948
2217,6.332445569,10.68686068,37.68106843
2218,6.291222918,10.63219534,37.28662013
2219,6.220250897,10.50371798,36.72053639
2220,6.174370606,10.3533242,36.09559079
2221,6.07236055,10.30512022,35.52722425
2222,6.01108436,10.3537476,34.98987786
2223,5.966601208,10.33335925,34.45587618
2224,5.906284958,10.31230894,33.87818284
2225,5.971592567,10.33635538,33.32901693
2226,6.063047577,10.2919638,32.80607449
2227,6.086616745,10.22974717,32.26551723
2228,6.037205374,10.10594999,31.82190082
2229,5.910048171,9.99282117,31.43695463
2230,5.762000094,10.02668885,30.9906085
2231,5.67670095,10.08638452,30.52046601
2232,5.625436773,10.10186863,30.01126334
2233,5.591632391,10.07195378,29.47172126
2234,5.733506344,9.963540796,28.88035479
2235,5.931875124,9.84168362,28.26339326
2236,6.026846055,9.75665322,27.71250817
2237,6.100130146,9.710322391,27.21602529
2238,6.135722197,9.680657222,26.75475288
2239,6.110594114,9.644479045,26.25982399
2240,6.039240106,9.580439337,25.62739933
2241,5.9559658,9.529014873,24.99174501
2242,5.875238245,9.543758431,24.53626702
2243,5.796143259,9.519264241,24.1330829
2244,5.742458379,9.36891103,23.78348356
2245,5.741326055,9.228612733,23.48625049
2246,5.716122499,9.204731329,23.15494089
2247,5.62701888,9.225695539,22.75682382
2248,5.529000898,9.246829318,22.34006341
2249,5.448145356,9.23671481,21.93803235
2250,5.445549955,9.129152433,21.63158543
2251,5.503916453,8.976803636,21.41486426
2252,5.574594069,8.862183308,21.31899897
2253,5.613291643,8.794016183,21.26274245
2254,5.62941868,8.789886219,21.24896776
2255,5.68189477,8.813644036,21.21562282
2256,5.714870823,8.823472563,21.18467449
2257,5.726110918,8.860030062,21.10141818
2258,5.71215516,8.91909738,20.92440352
2259,5.646491999,8.950537645,20.84934264
2260,5.693870095,8.948410965,20.8085376
2261,5.767350647,8.918655451,20.7592633
2262,5.833146977,8.866575627,20.85147667
2263,6.03954339,8.818329345,20.94380419
2264,6.130246125,8.805125971,21.0218415
2265,6.102719491,8.771129526,21.03005003
2266,6.108951462,8.760216643,21.11228525
2267,6.037097147,8.776069103,21.29744492
2268,6.015813357,8.852225752,21.41531804
2269,6.067788988,8.979512317,21.61762971
2270,6.059790104,9.095722062,21.86975471
2271,6.019734356,9.142811158,21.97455261
2272,5.951699918,9.126776531,22.04582058
2273,5.81259537,9.082776571,22.12791083
2274,5.681294928,9.044088445,22.17511137
2275,5.635228639,9.107992514,22.23358877
2276,5.57407129,9.191742685,22.32372475
2277,5.578028735,9.314932106,22.33336937
2278,5.660617881,9.360957745,22.35945315
2279,5.720866528,9.226847893,22.50664055
2280,5.754142523,9.069257491,22.62195204
2281,5.715166773,8.947312282,22.66127327
2282,5.681125374,8.962625466,22.68292202
2283,5.780213437,9.120775597,22.63316186
2284,5.903751224,9.330077531,22.51943103
2285,6.045705909,9.460514743,22.41163085
2286,6.215881831,9.499479698,22.36413447
2287,6.236111814,9.543231982,22.38056166
2288,6.162576171,9.524079296,22.46088929
2289,5.916623041,9.501463544,22.68123335
2290,5.662636589,9.504942007,22.7928782
2291,5.511432329,9.438532674,22.6334053
2292,5.424501246,9.374690527,22.37926204
2293,5.45267856,9.257207622,22.1638555
2294,5.416911954,9.198014709,22.05386806
2295,5.322934319,9.220890929,22.05027651
2296,5.224608384,9.231637127,22.08686235
2297,5.193860637,9.117092015,21.89915099
2298,5.248114467,8.921254546,21.67185858
2299,5.361095395,8.823168552,21.54118973
2300,5.441867328,8.806686415,21.42901003
2301,5.467631167,8.875060264,21.41753847
2302,5.50933525,8.913460681,21.38349839
2303,5.540852849,8.980659865,21.38225762
2304,5.553495174,9.054854419,21.43445449
2305,5.573637219,9.046432373,21.53327817
2306,5.605011062,9.047510804,21.65663923
2307,5.720955578,8.97433753,21.6349285
2308,5.740651423,8.910386038,21.47274436
2309,5.590506165,8.959909199,21.31604036
2310,5.539126006,8.973681066,21.15831599
2311,5.467801964,8.802105988,21.00305741
2312,5.388284032,8.616688829,20.96065502
2313,5.358155673,8.569695065,20.92877989
2314,5.300104589,8.524464954,20.87737949
2315,5.331174257,8.613226582,21.00797458
2316,5.396476413,8.748397363,21.2283705
2317,5.526718365,8.754165592,21.3428797
2318,5.692322199,8.776587707,21.35805226
2319,5.917101091,8.787641557,21.2861276
2320,6.123306316,8.777005949,21.16102539
2321,6.172334026,8.8413383,20.93218295
2322,6.216506808,8.889289636,20.74479537
2323,6.202498905,8.843551041,20.78615967
2324,6.153366531,8.758931323,20.81674906
2325,6.066106451,8.550324714,20.6227367
2326,5.921330025,8.353113564,20.40654526
2327,5.804823457,8.420234758,20.28827407
2328,5.766574685,8.549592989,20.20411325
2329,5.803198764,8.674043985,20.25291063
2330,5.837342177,8.829967763,20.38301203
2331,5.90784671,9.007179745,20.54057155
2332,5.962737942,9.136837931,20.61005585
2333,5.926682106,9.113910344,20.51872786
2334,5.846440243,9.07838058,20.37622641
2335,5.592531454,9.059252902,20.13468863
2336,5.330035952,9.012822104,19.94081973
2337,5.086573751,8.931560647,19.84872842
2338,4.89779634,8.840725852,19.80020207
2339,5.138422735,8.787454916,19.85357476
2340,5.442389542,8.734000014,19.95188996
2341,5.692584426,8.77612784,20.10700323
2342,5.853406262,8.902411433,20.18565888
2343,5.729197148,8.957967852,20.13862103
2344,5.635059092,8.988370488,20.10227452
2345,5.597681667,8.992887927,20.09167325
2346,5.57275953,9.001837826,20.11796773
2347,5.58459085,9.189851489,20.3434426
2348,5.609788742,9.389850975,20.57466512
2349,5.757509175,9.489485451,20.87476634
2350,5.912473682,9.555109198,21.19937771
2351,5.929959848,9.596754963,21.19038214
2352,5.919977079,9.63736692,21.09025264
2353,5.975066679,9.516231354,20.95914756
2354,5.982518215,9.361937431,20.79484433
2355,5.886660222,9.301795755,20.68074988
2356,5.767685999,9.311462306,20.60531953
2357,5.716752962,9.335276123,20.53357499
2358,5.712413934,9.26075434,20.5628501
2359,5.711107548,9.124665781,20.78120831
2360,5.753684692,9.001747193,20.92582547
2361,5.787856194,8.843738604,20.86706837
2362,5.832691478,8.735099072,20.77918049
2363,5.804764403,8.737502585,20.65760362
2364,5.727211747,8.774245989,20.60648411
2365,5.572715068,8.754095111,20.8501027
2366,5.39994807,8.728829179,21.14938437
2367,5.504020012,8.758937085,21.46527282
2368,5.627880551,8.820332436,21.65342954
2369,5.554235024,9.074694949,21.57914792
2370,5.524778289,9.250090406,21.54621821
2371,5.738482424,9.214693827,21.72976367
2372,5.992421325,9.195266071,21.901404
2373,6.246104798,9.452447527,21.78894108
2374,6.46652252,9.720341902,21.68043708
2375,6.448758886,9.903201599,21.84118759
2376,6.385070767,10.06297321,21.99144377
2377,6.237612035,10.07266488,21.99615759
2378,6.170416395,10.06136866,22.07156486
2379,6.189237446,9.887929083,22.25901915
2380,6.087998903,9.730235601,22.38436487
2381,6.085661507,9.9745283,22.26188853
2382,6.105371296,10.16053092,22.28441912
2383,6.037086122,9.863458767,22.51173448
2384,5.976832787,9.63628014,22.58235699
2385,5.849866217,9.307908819,22.60539826
2386,5.864054374,8.943378122,22.47416065
2387,5.94512382,8.94711074,22.09100677
2388,5.865119834,8.915896468,21.74641647
2389,5.781307132,8.862583107,21.5785088
2390,5.737917195,8.968996401,21.68107439
2391,5.818268494,9.252804202,22.05248167
2392,5.877309504,9.484381309,22.14541698
2393,6.092857461,9.551904386,21.92607026
2394,6.29298121,9.686320517,21.99466627
2395,6.280462817,9.882582235,22.22637431
2396,6.335718755,9.887691792,22.33650892
2397,6.25002643,9.763386269,22.34162141
2398,6.136182953,9.63822737,22.30188202
2399,6.190664023,9.545074727,22.23296512
2400,6.092851599,9.622772664,22.47722468
2401,5.872138888,9.573462944,22.86031853
2402,5.48350381,9.343129472,23.14840277
2403,4.944203976,9.241825454,23.50454486
2404,4.990607532,9.183959013,23.35339136
2405,5.305110939,9.184839897,23.04571787
2406,5.362349686,9.336185541,22.97852163
2407,5.330321595,9.566774548,22.94163792
2408,5.256891154,9.613360424,22.98869383
2409,5.106300168,9.355970395,23.03528579
2410,5.191537497,9.462902665,23.2186288
2411,5.544708863,9.835179094,23.39626823
2412,5.886221281,9.994268765,23.3585436
2413,6.349812873,10.12561168,23.18213042
2414,6.759942299,10.20726237,22.69878811
2415,6.926832711,10.15759861,22.37812348
2416,6.929469012,9.92281735,22.02623107
2417,6.880698936,9.652180717,21.68106353
2418,6.988320028,9.788552642,21.72763055
2419,7.162123796,9.967694812,21.78690008
2420,6.827489077,9.768410455,21.832085
2421,6.360604137,9.633527914,21.87339184
2422,6.23086852,9.527141815,21.90182109
2423,6.109651913,9.378275186,21.83360703
2424,6.020542007,9.263064576,21.33848379
2425,6.159161227,9.309050034,20.81251749
2426,6.263630151,9.53949157,20.36263693
2427,6.244472365,9.763298248,20.00705185
2428,6.073484753,10.04142885,20.32536117
2429,5.852657705,10.17206581,20.62021985
2430,5.616450546,9.786668639,20.71785115
2431,5.163675416,9.335574533,20.76286636
2432,5.184160715,9.106906973,20.5508193
2433,5.435254559,9.124354603,20.34716297
2434,5.792140519,9.67480971,20.01640288
2435,5.928689033,9.954130232,19.67418413
2436,5.417211306,9.494063512,19.38465727
2437,4.958962491,8.916512794,19.05722796
2438,4.393302862,8.260742059,18.5930211
2439,4.164735484,7.835534947,18.21982194
2440,4.782299942,7.74981135,18.11639027
2441,5.241449602,7.886204676,17.90811321
2442,5.177571025,8.44343219,17.53535788
2443,4.852163644,8.854112674,17.32896014
2444,4.440639127,8.895972646,17.28124808
2445,4.4249371,8.92576847,17.19127839
2446,4.628126519,8.864350306,17.22187971
2447,4.910521717,9.08985621,17.20769312
2448,5.137565213,9.429459586,17.0170659
2449,5.421926667,9.217080581,17.26682178
2450,5.949231023,8.947148677,17.71169387
2451,6.175264295,8.666111797,17.93695672
2452,6.18794543,8.553623542,18.1536602
2453,5.768027361,8.971958799,18.74101633
2454,5.232629155,9.354819366,19.2818456
2455,5.249800029,9.718057342,19.29856727
2456,5.487067474,10.01826154,19.34824227
2457,5.065789938,10.26989575,19.50958364
2458,4.465135435,10.58145473,19.51128004
2459,4.160196334,10.44943095,19.48273619
2460,3.820379451,10.18362664,19.61418163
2461,3.627887972,9.535516191,19.8636845
2462,3.431793447,8.838716455,20.27729602
2463,3.381726262,8.609376178,21.00940849
2464,3.660164511,8.438204557,21.60580933
2465,4.352425107,8.1667627,21.70876843
2466,4.832150355,8.002952158,21.92644461
2467,4.794310704,8.408427294,21.95720276
2468,4.823770935,9.032655384,22.05811668
2469,5.115969708,9.984043896,22.56370991
2470,5.514994304,10.74101262,22.93141784
2471,6.002791008,10.78871663,23.26593631
2472,6.142607993,10.62513345,23.4546374
2473,5.923505054,10.26564175,23.36863427
2474,5.918283678,9.745998391,23.01720938
2475,6.15722906,9.341667399,22.23091695
2476,6.433545113,9.241015588,21.98242576
2477,6.459987511,9.399515461,22.32292749
2478,6.205066178,8.987849882,22.6541897
2479,5.893347449,8.003735959,22.75583646
2480,5.841705001,8.07040419,23.09105722
2481,6.201272087,8.766472802,23.73080284
2482,6.272617404,9.755557649,23.11361683
2483,6.098072906,10.70955728,22.07487262
2484,6.098532811,10.75029144,22.16837241
2485,5.922227664,10.63020124,22.31443877
2486,6.150778663,10.73502295,22.26353829
2487,6.415651623,11.01794715,22.34145695
2488,6.591187805,11.32812413,22.63330426
2489,6.917558373,11.64592188,23.09070031
2490,7.270589635,11.42028173,23.90645352
2491,7.468477304,11.22150041,24.61583295
2492,7.073247362,11.34966579,24.72171754
2493,6.603061726,11.52975849,24.93576205
2494,6.127676889,12.34187366,24.8826249
2495,5.831278176,12.80257473,24.84858128
2496,6.465490785,12.25289896,24.94511398
2497,7.082744939,11.84219327,25.0019179
2498,8.483912272,11.49169951,25.11539508
2499,9.002436076,11.56102701,24.74937093
2500,6.923407907,12.40644983,23.43527506
